-- phpMyAdmin SQL Dump
-- version 3.5.1
-- http://www.phpmyadmin.net
--
-- Host: localhost
-- Generation Time: Jan 13, 2014 at 01:28 AM
-- Server version: 5.5.24-log
-- PHP Version: 5.4.3

SET SQL_MODE="NO_AUTO_VALUE_ON_ZERO";
SET time_zone = "+00:00";


/*!40101 SET @OLD_CHARACTER_SET_CLIENT=@@CHARACTER_SET_CLIENT */;
/*!40101 SET @OLD_CHARACTER_SET_RESULTS=@@CHARACTER_SET_RESULTS */;
/*!40101 SET @OLD_COLLATION_CONNECTION=@@COLLATION_CONNECTION */;
/*!40101 SET NAMES utf8 */;

--
-- Database: `yt_showroom`
--

-- --------------------------------------------------------

--
-- Table structure for table `pjyu3_assets`
--

CREATE TABLE IF NOT EXISTS `pjyu3_assets` (
  `id` int(10) unsigned NOT NULL AUTO_INCREMENT COMMENT 'Primary Key',
  `parent_id` int(11) NOT NULL DEFAULT '0' COMMENT 'Nested set parent.',
  `lft` int(11) NOT NULL DEFAULT '0' COMMENT 'Nested set lft.',
  `rgt` int(11) NOT NULL DEFAULT '0' COMMENT 'Nested set rgt.',
  `level` int(10) unsigned NOT NULL COMMENT 'The cached level in the nested tree.',
  `name` varchar(50) NOT NULL COMMENT 'The unique name for the asset.\n',
  `title` varchar(100) NOT NULL COMMENT 'The descriptive title for the asset.',
  `rules` varchar(5120) NOT NULL COMMENT 'JSON encoded access control.',
  PRIMARY KEY (`id`),
  UNIQUE KEY `idx_asset_name` (`name`),
  KEY `idx_lft_rgt` (`lft`,`rgt`),
  KEY `idx_parent_id` (`parent_id`)
) ENGINE=InnoDB  DEFAULT CHARSET=utf8 AUTO_INCREMENT=115 ;

--
-- Dumping data for table `pjyu3_assets`
--

INSERT INTO `pjyu3_assets` (`id`, `parent_id`, `lft`, `rgt`, `level`, `name`, `title`, `rules`) VALUES
(1, 0, 1, 474, 0, 'root.1', 'Root Asset', '{"core.login.site":{"6":1,"2":1},"core.login.admin":{"6":1},"core.login.offline":[],"core.admin":{"8":1},"core.manage":{"7":1},"core.create":{"6":1,"3":1},"core.delete":{"6":1},"core.edit":{"6":1,"4":1},"core.edit.state":{"6":1,"5":1},"core.edit.own":{"6":1,"3":1}}'),
(2, 1, 1, 2, 1, 'com_admin', 'com_admin', '{}'),
(3, 1, 3, 6, 1, 'com_banners', 'com_banners', '{"core.admin":{"7":1},"core.manage":{"6":1},"core.create":[],"core.delete":[],"core.edit":[],"core.edit.state":[]}'),
(4, 1, 7, 8, 1, 'com_cache', 'com_cache', '{"core.admin":{"7":1},"core.manage":{"7":1}}'),
(5, 1, 9, 10, 1, 'com_checkin', 'com_checkin', '{"core.admin":{"7":1},"core.manage":{"7":1}}'),
(6, 1, 11, 12, 1, 'com_config', 'com_config', '{}'),
(7, 1, 13, 18, 1, 'com_contact', 'com_contact', '{"core.admin":{"7":1},"core.manage":{"6":1},"core.create":[],"core.delete":[],"core.edit":[],"core.edit.state":[],"core.edit.own":[]}'),
(8, 1, 19, 68, 1, 'com_content', 'com_content', '{"core.admin":{"7":1},"core.manage":{"6":1},"core.create":{"3":1},"core.delete":[],"core.edit":{"4":1},"core.edit.state":{"5":1},"core.edit.own":[]}'),
(9, 1, 69, 70, 1, 'com_cpanel', 'com_cpanel', '{}'),
(10, 1, 71, 72, 1, 'com_installer', 'com_installer', '{"core.admin":{"7":1},"core.manage":{"7":1},"core.delete":[],"core.edit.state":[]}'),
(11, 1, 73, 74, 1, 'com_languages', 'com_languages', '{"core.admin":{"7":1},"core.manage":[],"core.create":[],"core.delete":[],"core.edit":[],"core.edit.state":[]}'),
(12, 1, 75, 76, 1, 'com_login', 'com_login', '{}'),
(13, 1, 77, 78, 1, 'com_mailto', 'com_mailto', '{}'),
(14, 1, 79, 80, 1, 'com_massmail', 'com_massmail', '{}'),
(15, 1, 81, 82, 1, 'com_media', 'com_media', '{"core.admin":{"7":1},"core.manage":{"6":1},"core.create":{"3":1},"core.delete":{"5":1}}'),
(16, 1, 83, 84, 1, 'com_menus', 'com_menus', '{"core.admin":{"7":1},"core.manage":[],"core.create":[],"core.delete":[],"core.edit":[],"core.edit.state":[]}'),
(17, 1, 85, 86, 1, 'com_messages', 'com_messages', '{"core.admin":{"7":1},"core.manage":{"7":1}}'),
(18, 1, 87, 88, 1, 'com_modules', 'com_modules', '{"core.admin":{"7":1},"core.manage":[],"core.create":[],"core.delete":[],"core.edit":[],"core.edit.state":[]}'),
(19, 1, 89, 92, 1, 'com_newsfeeds', 'com_newsfeeds', '{"core.admin":{"7":1},"core.manage":{"6":1},"core.create":[],"core.delete":[],"core.edit":[],"core.edit.state":[],"core.edit.own":[]}'),
(20, 1, 93, 94, 1, 'com_plugins', 'com_plugins', '{"core.admin":{"7":1},"core.manage":[],"core.edit":[],"core.edit.state":[]}'),
(21, 1, 95, 96, 1, 'com_redirect', 'com_redirect', '{"core.admin":{"7":1},"core.manage":[]}'),
(22, 1, 97, 98, 1, 'com_search', 'com_search', '{"core.admin":{"7":1},"core.manage":{"6":1}}'),
(23, 1, 99, 100, 1, 'com_templates', 'com_templates', '{"core.admin":{"7":1},"core.manage":[],"core.create":[],"core.delete":[],"core.edit":[],"core.edit.state":[]}'),
(24, 1, 101, 102, 1, 'com_users', 'com_users', '{"core.admin":{"7":1},"core.manage":[],"core.create":[],"core.delete":[],"core.edit":[],"core.edit.own":{"6":1},"core.edit.state":[]}'),
(25, 1, 103, 108, 1, 'com_weblinks', 'com_weblinks', '{"core.admin":{"7":1},"core.manage":{"6":1},"core.create":{"3":1},"core.delete":[],"core.edit":{"4":1},"core.edit.state":{"5":1},"core.edit.own":[]}'),
(26, 1, 109, 110, 1, 'com_wrapper', 'com_wrapper', '{}'),
(27, 8, 20, 35, 2, 'com_content.category.2', 'Uncategorised', '{"core.create":[],"core.delete":[],"core.edit":[],"core.edit.state":[],"core.edit.own":[]}'),
(28, 3, 4, 5, 2, 'com_banners.category.3', 'Uncategorised', '{"core.create":[],"core.delete":[],"core.edit":[],"core.edit.state":[]}'),
(29, 7, 14, 15, 2, 'com_contact.category.4', 'Uncategorised', '{"core.create":[],"core.delete":[],"core.edit":[],"core.edit.state":[],"core.edit.own":[]}'),
(30, 19, 90, 91, 2, 'com_newsfeeds.category.5', 'Uncategorised', '{"core.create":[],"core.delete":[],"core.edit":[],"core.edit.state":[],"core.edit.own":[]}'),
(31, 25, 104, 105, 2, 'com_weblinks.category.6', 'Uncategorised', '{"core.create":[],"core.delete":[],"core.edit":[],"core.edit.state":[],"core.edit.own":[]}'),
(32, 8, 36, 41, 2, 'com_content.category.7', 'Blog', '{"core.create":[],"core.delete":[],"core.edit":[],"core.edit.state":[],"core.edit.own":[]}'),
(56, 7, 16, 17, 2, 'com_contact.category.8', 'Contacts', '{"core.create":[],"core.delete":[],"core.edit":[],"core.edit.state":[],"core.edit.own":[]}'),
(57, 25, 106, 107, 2, 'com_weblinks.category.9', 'YOOtheme Links', '{"core.create":[],"core.delete":[],"core.edit":[],"core.edit.state":[],"core.edit.own":[]}'),
(59, 1, 466, 467, 1, 'com_finder', 'com_finder', '{"core.admin":[],"core.manage":[]}'),
(67, 8, 42, 43, 2, 'com_content.category.10', 'Frontpage Blog', '{"core.create":[],"core.delete":[],"core.edit":[],"core.edit.state":[],"core.edit.own":[]}'),
(95, 1, 472, 473, 1, 'com_jce', 'jce', '{}'),
(96, 101, 45, 46, 3, 'com_content.article.51', 'Men''s Wear', '{"core.delete":{"6":1},"core.edit":{"6":1,"4":1},"core.edit.state":{"6":1,"5":1}}'),
(97, 27, 29, 30, 3, 'com_content.article.52', 'Marc Ababa Garments and Services', '{"core.delete":{"6":1},"core.edit":{"6":1,"4":1},"core.edit.state":{"6":1,"5":1}}'),
(98, 27, 31, 32, 3, 'com_content.article.53', 'Terms & Conditions', '{"core.delete":{"6":1},"core.edit":{"6":1,"4":1},"core.edit.state":{"6":1,"5":1}}'),
(100, 27, 33, 34, 3, 'com_content.article.55', 'Policies', '{"core.delete":{"6":1},"core.edit":{"6":1,"4":1},"core.edit.state":{"6":1,"5":1}}'),
(101, 8, 44, 67, 2, 'com_content.category.11', 'Products', '{"core.create":{"6":1,"3":1},"core.delete":{"6":1},"core.edit":{"6":1,"4":1},"core.edit.state":{"6":1,"5":1},"core.edit.own":{"6":1,"3":1}}'),
(105, 101, 47, 48, 3, 'com_content.article.57', 'Ladies Wear', '{"core.delete":{"6":1},"core.edit":{"6":1,"4":1},"core.edit.state":{"6":1,"5":1}}'),
(106, 101, 49, 50, 3, 'com_content.article.58', 'Kid''s Wear', '{"core.delete":{"6":1},"core.edit":{"6":1,"4":1},"core.edit.state":{"6":1,"5":1}}'),
(107, 101, 51, 52, 3, 'com_content.article.59', 'Garments', '{"core.delete":{"6":1},"core.edit":{"6":1,"4":1},"core.edit.state":{"6":1,"5":1}}'),
(108, 101, 53, 54, 3, 'com_content.article.60', 'Jeans', '{"core.delete":{"6":1},"core.edit":{"6":1,"4":1},"core.edit.state":{"6":1,"5":1}}'),
(109, 101, 55, 56, 3, 'com_content.article.61', 'Beauty', '{"core.delete":{"6":1},"core.edit":{"6":1,"4":1},"core.edit.state":{"6":1,"5":1}}'),
(110, 101, 57, 58, 3, 'com_content.article.62', 'Suits', '{"core.delete":{"6":1},"core.edit":{"6":1,"4":1},"core.edit.state":{"6":1,"5":1}}'),
(111, 101, 59, 60, 3, 'com_content.article.63', 'Gowns', '{"core.delete":{"6":1},"core.edit":{"6":1,"4":1},"core.edit.state":{"6":1,"5":1}}'),
(112, 101, 61, 62, 3, 'com_content.article.64', 'Accessories', '{"core.delete":{"6":1},"core.edit":{"6":1,"4":1},"core.edit.state":{"6":1,"5":1}}'),
(113, 101, 63, 64, 3, 'com_content.article.65', 'Bags', '{"core.delete":{"6":1},"core.edit":{"6":1,"4":1},"core.edit.state":{"6":1,"5":1}}'),
(114, 101, 65, 66, 3, 'com_content.article.66', 'Shoes', '{"core.delete":{"6":1},"core.edit":{"6":1,"4":1},"core.edit.state":{"6":1,"5":1}}');

-- --------------------------------------------------------

--
-- Table structure for table `pjyu3_associations`
--

CREATE TABLE IF NOT EXISTS `pjyu3_associations` (
  `id` varchar(50) NOT NULL COMMENT 'A reference to the associated item.',
  `context` varchar(50) NOT NULL COMMENT 'The context of the associated item.',
  `key` char(32) NOT NULL COMMENT 'The key for the association computed from an md5 on associated ids.',
  PRIMARY KEY (`context`,`id`),
  KEY `idx_key` (`key`)
) ENGINE=InnoDB DEFAULT CHARSET=utf8;

-- --------------------------------------------------------

--
-- Table structure for table `pjyu3_banners`
--

CREATE TABLE IF NOT EXISTS `pjyu3_banners` (
  `id` int(11) NOT NULL AUTO_INCREMENT,
  `cid` int(11) NOT NULL DEFAULT '0',
  `type` int(11) NOT NULL DEFAULT '0',
  `name` varchar(255) NOT NULL DEFAULT '',
  `alias` varchar(255) CHARACTER SET utf8 COLLATE utf8_bin NOT NULL DEFAULT '',
  `imptotal` int(11) NOT NULL DEFAULT '0',
  `impmade` int(11) NOT NULL DEFAULT '0',
  `clicks` int(11) NOT NULL DEFAULT '0',
  `clickurl` varchar(200) NOT NULL DEFAULT '',
  `state` tinyint(3) NOT NULL DEFAULT '0',
  `catid` int(10) unsigned NOT NULL DEFAULT '0',
  `description` text NOT NULL,
  `custombannercode` varchar(2048) NOT NULL,
  `sticky` tinyint(1) unsigned NOT NULL DEFAULT '0',
  `ordering` int(11) NOT NULL DEFAULT '0',
  `metakey` text NOT NULL,
  `params` text NOT NULL,
  `own_prefix` tinyint(1) NOT NULL DEFAULT '0',
  `metakey_prefix` varchar(255) NOT NULL DEFAULT '',
  `purchase_type` tinyint(4) NOT NULL DEFAULT '-1',
  `track_clicks` tinyint(4) NOT NULL DEFAULT '-1',
  `track_impressions` tinyint(4) NOT NULL DEFAULT '-1',
  `checked_out` int(10) unsigned NOT NULL DEFAULT '0',
  `checked_out_time` datetime NOT NULL DEFAULT '0000-00-00 00:00:00',
  `publish_up` datetime NOT NULL DEFAULT '0000-00-00 00:00:00',
  `publish_down` datetime NOT NULL DEFAULT '0000-00-00 00:00:00',
  `reset` datetime NOT NULL DEFAULT '0000-00-00 00:00:00',
  `created` datetime NOT NULL DEFAULT '0000-00-00 00:00:00',
  `language` char(7) NOT NULL DEFAULT '',
  PRIMARY KEY (`id`),
  KEY `idx_state` (`state`),
  KEY `idx_own_prefix` (`own_prefix`),
  KEY `idx_metakey_prefix` (`metakey_prefix`),
  KEY `idx_banner_catid` (`catid`),
  KEY `idx_language` (`language`)
) ENGINE=InnoDB DEFAULT CHARSET=utf8 AUTO_INCREMENT=1 ;

-- --------------------------------------------------------

--
-- Table structure for table `pjyu3_banner_clients`
--

CREATE TABLE IF NOT EXISTS `pjyu3_banner_clients` (
  `id` int(11) NOT NULL AUTO_INCREMENT,
  `name` varchar(255) NOT NULL DEFAULT '',
  `contact` varchar(255) NOT NULL DEFAULT '',
  `email` varchar(255) NOT NULL DEFAULT '',
  `extrainfo` text NOT NULL,
  `state` tinyint(3) NOT NULL DEFAULT '0',
  `checked_out` int(10) unsigned NOT NULL DEFAULT '0',
  `checked_out_time` datetime NOT NULL DEFAULT '0000-00-00 00:00:00',
  `metakey` text NOT NULL,
  `own_prefix` tinyint(4) NOT NULL DEFAULT '0',
  `metakey_prefix` varchar(255) NOT NULL DEFAULT '',
  `purchase_type` tinyint(4) NOT NULL DEFAULT '-1',
  `track_clicks` tinyint(4) NOT NULL DEFAULT '-1',
  `track_impressions` tinyint(4) NOT NULL DEFAULT '-1',
  PRIMARY KEY (`id`),
  KEY `idx_own_prefix` (`own_prefix`),
  KEY `idx_metakey_prefix` (`metakey_prefix`)
) ENGINE=InnoDB DEFAULT CHARSET=utf8 AUTO_INCREMENT=1 ;

-- --------------------------------------------------------

--
-- Table structure for table `pjyu3_banner_tracks`
--

CREATE TABLE IF NOT EXISTS `pjyu3_banner_tracks` (
  `track_date` datetime NOT NULL,
  `track_type` int(10) unsigned NOT NULL,
  `banner_id` int(10) unsigned NOT NULL,
  `count` int(10) unsigned NOT NULL DEFAULT '0',
  PRIMARY KEY (`track_date`,`track_type`,`banner_id`),
  KEY `idx_track_date` (`track_date`),
  KEY `idx_track_type` (`track_type`),
  KEY `idx_banner_id` (`banner_id`)
) ENGINE=InnoDB DEFAULT CHARSET=utf8;

-- --------------------------------------------------------

--
-- Table structure for table `pjyu3_categories`
--

CREATE TABLE IF NOT EXISTS `pjyu3_categories` (
  `id` int(11) NOT NULL AUTO_INCREMENT,
  `asset_id` int(10) unsigned NOT NULL DEFAULT '0' COMMENT 'FK to the #__assets table.',
  `parent_id` int(10) unsigned NOT NULL DEFAULT '0',
  `lft` int(11) NOT NULL DEFAULT '0',
  `rgt` int(11) NOT NULL DEFAULT '0',
  `level` int(10) unsigned NOT NULL DEFAULT '0',
  `path` varchar(255) NOT NULL DEFAULT '',
  `extension` varchar(50) NOT NULL DEFAULT '',
  `title` varchar(255) NOT NULL,
  `alias` varchar(255) CHARACTER SET utf8 COLLATE utf8_bin NOT NULL DEFAULT '',
  `note` varchar(255) NOT NULL DEFAULT '',
  `description` mediumtext,
  `published` tinyint(1) NOT NULL DEFAULT '0',
  `checked_out` int(11) unsigned NOT NULL DEFAULT '0',
  `checked_out_time` datetime NOT NULL DEFAULT '0000-00-00 00:00:00',
  `access` int(10) unsigned DEFAULT NULL,
  `params` text NOT NULL,
  `metadesc` varchar(1024) NOT NULL COMMENT 'The meta description for the page.',
  `metakey` varchar(1024) NOT NULL COMMENT 'The meta keywords for the page.',
  `metadata` varchar(2048) NOT NULL COMMENT 'JSON encoded metadata properties.',
  `created_user_id` int(10) unsigned NOT NULL DEFAULT '0',
  `created_time` datetime NOT NULL DEFAULT '0000-00-00 00:00:00',
  `modified_user_id` int(10) unsigned NOT NULL DEFAULT '0',
  `modified_time` datetime NOT NULL DEFAULT '0000-00-00 00:00:00',
  `hits` int(10) unsigned NOT NULL DEFAULT '0',
  `language` char(7) NOT NULL,
  PRIMARY KEY (`id`),
  KEY `cat_idx` (`extension`,`published`,`access`),
  KEY `idx_access` (`access`),
  KEY `idx_checkout` (`checked_out`),
  KEY `idx_path` (`path`),
  KEY `idx_left_right` (`lft`,`rgt`),
  KEY `idx_alias` (`alias`),
  KEY `idx_language` (`language`)
) ENGINE=InnoDB  DEFAULT CHARSET=utf8 AUTO_INCREMENT=12 ;

--
-- Dumping data for table `pjyu3_categories`
--

INSERT INTO `pjyu3_categories` (`id`, `asset_id`, `parent_id`, `lft`, `rgt`, `level`, `path`, `extension`, `title`, `alias`, `note`, `description`, `published`, `checked_out`, `checked_out_time`, `access`, `params`, `metadesc`, `metakey`, `metadata`, `created_user_id`, `created_time`, `modified_user_id`, `modified_time`, `hits`, `language`) VALUES
(1, 0, 0, 0, 21, 0, '', 'system', 'ROOT', 'root', '', '', 1, 0, '0000-00-00 00:00:00', 1, '{}', '', '', '', 571, '2009-10-18 16:07:09', 0, '0000-00-00 00:00:00', 0, '*'),
(2, 27, 1, 1, 2, 1, 'uncategorised', 'com_content', 'Uncategorised', 'uncategorised', '', '', 1, 0, '0000-00-00 00:00:00', 1, '{"target":"","image":""}', '', '', '{"page_title":"","author":"","robots":""}', 571, '2010-06-28 13:26:37', 0, '0000-00-00 00:00:00', 0, '*'),
(3, 28, 1, 3, 4, 1, 'uncategorised', 'com_banners', 'Uncategorised', 'uncategorised', '', '', 1, 0, '0000-00-00 00:00:00', 1, '{"target":"","image":"","foobar":""}', '', '', '{"page_title":"","author":"","robots":""}', 571, '2010-06-28 13:27:35', 0, '0000-00-00 00:00:00', 0, '*'),
(4, 29, 1, 5, 6, 1, 'uncategorised', 'com_contact', 'Uncategorised', 'uncategorised', '', '', 1, 0, '0000-00-00 00:00:00', 1, '{"target":"","image":""}', '', '', '{"page_title":"","author":"","robots":""}', 571, '2010-06-28 13:27:57', 0, '0000-00-00 00:00:00', 0, '*'),
(5, 30, 1, 7, 8, 1, 'uncategorised', 'com_newsfeeds', 'Uncategorised', 'uncategorised', '', '', 1, 0, '0000-00-00 00:00:00', 1, '{"target":"","image":""}', '', '', '{"page_title":"","author":"","robots":""}', 571, '2010-06-28 13:28:15', 0, '0000-00-00 00:00:00', 0, '*'),
(6, 31, 1, 9, 10, 1, 'uncategorised', 'com_weblinks', 'Uncategorised', 'uncategorised', '', '', 1, 0, '0000-00-00 00:00:00', 1, '{"target":"","image":""}', '', '', '{"page_title":"","author":"","robots":""}', 571, '2010-06-28 13:28:33', 0, '0000-00-00 00:00:00', 0, '*'),
(7, 32, 1, 11, 12, 1, 'blog', 'com_content', 'Blog', 'blog', '', '', 1, 0, '0000-00-00 00:00:00', 1, '{"category_layout":"","image":""}', '', '', '{"author":"","robots":""}', 571, '2011-05-02 11:42:21', 0, '0000-00-00 00:00:00', 0, '*'),
(8, 56, 1, 13, 14, 1, 'contacts', 'com_contact', 'Contacts', 'contacts', '', '', 1, 42, '2012-01-23 15:30:29', 1, '{"category_layout":"","image":""}', '', '', '{"author":"","robots":""}', 571, '2011-11-18 16:32:10', 42, '2011-11-18 16:32:13', 0, '*'),
(9, 57, 1, 15, 16, 1, 'yootheme-links', 'com_weblinks', 'YOOtheme Links', 'yootheme-links', '', '', 1, 0, '0000-00-00 00:00:00', 1, '{"category_layout":"","image":""}', '', '', '{"author":"","robots":""}', 571, '2012-01-22 12:45:00', 0, '0000-00-00 00:00:00', 0, '*'),
(10, 67, 1, 17, 18, 1, 'frontpage-blog', 'com_content', 'Frontpage Blog', 'frontpage-blog', '', '\r\n', 1, 0, '0000-00-00 00:00:00', 1, '{"category_layout":"","image":""}', '', '', '{"author":"","robots":""}', 571, '2012-08-31 08:39:56', 0, '0000-00-00 00:00:00', 0, '*'),
(11, 101, 1, 19, 20, 1, 'product', 'com_content', 'Products', 'product', '', '', 1, 0, '0000-00-00 00:00:00', 1, '{"category_layout":"","image":""}', '', '', '{"author":"","robots":""}', 571, '2013-03-21 04:45:38', 0, '0000-00-00 00:00:00', 0, '*');

-- --------------------------------------------------------

--
-- Table structure for table `pjyu3_contact_details`
--

CREATE TABLE IF NOT EXISTS `pjyu3_contact_details` (
  `id` int(11) NOT NULL AUTO_INCREMENT,
  `name` varchar(255) NOT NULL DEFAULT '',
  `alias` varchar(255) CHARACTER SET utf8 COLLATE utf8_bin NOT NULL DEFAULT '',
  `con_position` varchar(255) DEFAULT NULL,
  `address` text,
  `suburb` varchar(100) DEFAULT NULL,
  `state` varchar(100) DEFAULT NULL,
  `country` varchar(100) DEFAULT NULL,
  `postcode` varchar(100) DEFAULT NULL,
  `telephone` varchar(255) DEFAULT NULL,
  `fax` varchar(255) DEFAULT NULL,
  `misc` mediumtext,
  `image` varchar(255) DEFAULT NULL,
  `imagepos` varchar(20) DEFAULT NULL,
  `email_to` varchar(255) DEFAULT NULL,
  `default_con` tinyint(1) unsigned NOT NULL DEFAULT '0',
  `published` tinyint(1) NOT NULL DEFAULT '0',
  `checked_out` int(10) unsigned NOT NULL DEFAULT '0',
  `checked_out_time` datetime NOT NULL DEFAULT '0000-00-00 00:00:00',
  `ordering` int(11) NOT NULL DEFAULT '0',
  `params` text NOT NULL,
  `user_id` int(11) NOT NULL DEFAULT '0',
  `catid` int(11) NOT NULL DEFAULT '0',
  `access` int(10) unsigned DEFAULT NULL,
  `mobile` varchar(255) NOT NULL DEFAULT '',
  `webpage` varchar(255) NOT NULL DEFAULT '',
  `sortname1` varchar(255) NOT NULL,
  `sortname2` varchar(255) NOT NULL,
  `sortname3` varchar(255) NOT NULL,
  `language` char(7) NOT NULL,
  `created` datetime NOT NULL DEFAULT '0000-00-00 00:00:00',
  `created_by` int(10) unsigned NOT NULL DEFAULT '0',
  `created_by_alias` varchar(255) NOT NULL DEFAULT '',
  `modified` datetime NOT NULL DEFAULT '0000-00-00 00:00:00',
  `modified_by` int(10) unsigned NOT NULL DEFAULT '0',
  `metakey` text NOT NULL,
  `metadesc` text NOT NULL,
  `metadata` text NOT NULL,
  `featured` tinyint(3) unsigned NOT NULL DEFAULT '0' COMMENT 'Set if article is featured.',
  `xreference` varchar(50) NOT NULL COMMENT 'A reference to enable linkages to external data sets.',
  `publish_up` datetime NOT NULL DEFAULT '0000-00-00 00:00:00',
  `publish_down` datetime NOT NULL DEFAULT '0000-00-00 00:00:00',
  PRIMARY KEY (`id`),
  KEY `idx_access` (`access`),
  KEY `idx_checkout` (`checked_out`),
  KEY `idx_state` (`published`),
  KEY `idx_catid` (`catid`),
  KEY `idx_createdby` (`created_by`),
  KEY `idx_featured_catid` (`featured`,`catid`),
  KEY `idx_language` (`language`),
  KEY `idx_xreference` (`xreference`)
) ENGINE=InnoDB  DEFAULT CHARSET=utf8 AUTO_INCREMENT=3 ;

--
-- Dumping data for table `pjyu3_contact_details`
--

INSERT INTO `pjyu3_contact_details` (`id`, `name`, `alias`, `con_position`, `address`, `suburb`, `state`, `country`, `postcode`, `telephone`, `fax`, `misc`, `image`, `imagepos`, `email_to`, `default_con`, `published`, `checked_out`, `checked_out_time`, `ordering`, `params`, `user_id`, `catid`, `access`, `mobile`, `webpage`, `sortname1`, `sortname2`, `sortname3`, `language`, `created`, `created_by`, `created_by_alias`, `modified`, `modified_by`, `metakey`, `metadesc`, `metadata`, `featured`, `xreference`, `publish_up`, `publish_down`) VALUES
(1, 'John Q. Public', 'john-q-public', 'Chief Information Officer', '1 Infinite Loop', 'Cupertino', 'California', 'USA', '95014', '1-212-555555-1', '1-212-555555-2', 'Lorem ipsum dolor sit amet, consetetur sadipscing elitr.', '', NULL, 'email@0.0.0.0', 0, 1, 0, '0000-00-00 00:00:00', 1, '{"show_contact_category":"","show_contact_list":"","presentation_style":"","show_name":"","show_position":"","show_email":"","show_street_address":"","show_suburb":"","show_state":"","show_postcode":"","show_country":"","show_telephone":"","show_mobile":"","show_fax":"","show_webpage":"","show_misc":"","show_image":"","allow_vcard":"","show_articles":"","show_profile":"","show_links":"","linka_name":"","linka":"","linkb_name":"","linkb":"","linkc_name":"","linkc":"","linkd_name":"","linkd":"","linke_name":"","linke":"","contact_layout":"","show_email_form":"","show_email_copy":"","banned_email":"","banned_subject":"","banned_text":"","validate_session":"","custom_reply":"","redirect":""}', 0, 8, 1, '', '', '', '', '', '*', '2011-11-18 16:33:47', 571, '', '2012-01-23 15:36:01', 42, '', '', '{"robots":"","rights":""}', 0, '', '0000-00-00 00:00:00', '0000-00-00 00:00:00'),
(2, 'Jane Q. Public', 'jane-q-public', 'Chief Information Officer', '1 Infinite Loop', 'Cupertino', 'California', 'USA', '95014', '1-212-555555-1', '1-212-555555-2', 'Lorem ipsum dolor sit amet, consetetur sadipscing elitr.', '', NULL, 'email@0.0.0.0', 0, 1, 0, '0000-00-00 00:00:00', 2, '{"show_contact_category":"","show_contact_list":"","presentation_style":"","show_name":"","show_position":"","show_email":"","show_street_address":"","show_suburb":"","show_state":"","show_postcode":"","show_country":"","show_telephone":"","show_mobile":"","show_fax":"","show_webpage":"","show_misc":"","show_image":"","allow_vcard":"","show_articles":"","show_profile":"","show_links":"","linka_name":"","linka":"","linkb_name":"","linkb":"","linkc_name":"","linkc":"","linkd_name":"","linkd":"","linke_name":"","linke":"","contact_layout":"","show_email_form":"","show_email_copy":"","banned_email":"","banned_subject":"","banned_text":"","validate_session":"","custom_reply":"","redirect":""}', 0, 8, 1, '', '', '', '', '', '*', '2011-11-18 16:35:05', 571, '', '2012-01-19 16:37:23', 42, '', '', '{"robots":"","rights":""}', 0, '', '0000-00-00 00:00:00', '0000-00-00 00:00:00');

-- --------------------------------------------------------

--
-- Table structure for table `pjyu3_content`
--

CREATE TABLE IF NOT EXISTS `pjyu3_content` (
  `id` int(10) unsigned NOT NULL AUTO_INCREMENT,
  `asset_id` int(10) unsigned NOT NULL DEFAULT '0' COMMENT 'FK to the #__assets table.',
  `title` varchar(255) NOT NULL DEFAULT '',
  `alias` varchar(255) CHARACTER SET utf8 COLLATE utf8_bin NOT NULL DEFAULT '',
  `title_alias` varchar(255) CHARACTER SET utf8 COLLATE utf8_bin NOT NULL DEFAULT '' COMMENT 'Deprecated in Joomla! 3.0',
  `introtext` mediumtext NOT NULL,
  `fulltext` mediumtext NOT NULL,
  `state` tinyint(3) NOT NULL DEFAULT '0',
  `sectionid` int(10) unsigned NOT NULL DEFAULT '0',
  `mask` int(10) unsigned NOT NULL DEFAULT '0',
  `catid` int(10) unsigned NOT NULL DEFAULT '0',
  `created` datetime NOT NULL DEFAULT '0000-00-00 00:00:00',
  `created_by` int(10) unsigned NOT NULL DEFAULT '0',
  `created_by_alias` varchar(255) NOT NULL DEFAULT '',
  `modified` datetime NOT NULL DEFAULT '0000-00-00 00:00:00',
  `modified_by` int(10) unsigned NOT NULL DEFAULT '0',
  `checked_out` int(10) unsigned NOT NULL DEFAULT '0',
  `checked_out_time` datetime NOT NULL DEFAULT '0000-00-00 00:00:00',
  `publish_up` datetime NOT NULL DEFAULT '0000-00-00 00:00:00',
  `publish_down` datetime NOT NULL DEFAULT '0000-00-00 00:00:00',
  `images` text NOT NULL,
  `urls` text NOT NULL,
  `attribs` varchar(5120) NOT NULL,
  `version` int(10) unsigned NOT NULL DEFAULT '1',
  `parentid` int(10) unsigned NOT NULL DEFAULT '0',
  `ordering` int(11) NOT NULL DEFAULT '0',
  `metakey` text NOT NULL,
  `metadesc` text NOT NULL,
  `access` int(10) unsigned NOT NULL DEFAULT '0',
  `hits` int(10) unsigned NOT NULL DEFAULT '0',
  `metadata` text NOT NULL,
  `featured` tinyint(3) unsigned NOT NULL DEFAULT '0' COMMENT 'Set if article is featured.',
  `language` char(7) NOT NULL COMMENT 'The language code for the article.',
  `xreference` varchar(50) NOT NULL COMMENT 'A reference to enable linkages to external data sets.',
  PRIMARY KEY (`id`),
  KEY `idx_access` (`access`),
  KEY `idx_checkout` (`checked_out`),
  KEY `idx_state` (`state`),
  KEY `idx_catid` (`catid`),
  KEY `idx_createdby` (`created_by`),
  KEY `idx_featured_catid` (`featured`,`catid`),
  KEY `idx_language` (`language`),
  KEY `idx_xreference` (`xreference`)
) ENGINE=InnoDB  DEFAULT CHARSET=utf8 AUTO_INCREMENT=67 ;

--
-- Dumping data for table `pjyu3_content`
--

INSERT INTO `pjyu3_content` (`id`, `asset_id`, `title`, `alias`, `title_alias`, `introtext`, `fulltext`, `state`, `sectionid`, `mask`, `catid`, `created`, `created_by`, `created_by_alias`, `modified`, `modified_by`, `checked_out`, `checked_out_time`, `publish_up`, `publish_down`, `images`, `urls`, `attribs`, `version`, `parentid`, `ordering`, `metakey`, `metadesc`, `access`, `hits`, `metadata`, `featured`, `language`, `xreference`) VALUES
(51, 96, 'Men''s Wear', 'men-s-wear', '', '<p>&nbsp;</p>\r\n<p><br />Lorem Ipsum is simply dummy text of the printing and typesetting industry. Lorem Ipsum has been the industry''s standard dummy text ever since the 1500s, when an unknown printer took a galley of type and scrambled it to make a type specimen book. It has survived not only five centuries, but also the leap into electronic typesetting, remaining essentially unchanged. It was popularised in the 1960s with the release of Letraset sheets containing Lorem Ipsum passages, and more recently with desktop publishing software like Aldus PageMaker including versions of Lorem Ipsum</p>\r\n<p><a href="index.php/widgetkit/men-s-wear">&nbsp;</a></p>', '', 1, 0, 0, 11, '2013-03-17 04:06:46', 571, '', '2013-03-21 05:06:08', 571, 0, '0000-00-00 00:00:00', '2013-03-17 04:06:46', '0000-00-00 00:00:00', '{"image_intro":"","float_intro":"","image_intro_alt":"","image_intro_caption":"","image_fulltext":"","float_fulltext":"","image_fulltext_alt":"","image_fulltext_caption":""}', '{"urla":null,"urlatext":"","targeta":"","urlb":null,"urlbtext":"","targetb":"","urlc":null,"urlctext":"","targetc":""}', '{"show_title":"0","link_titles":"","show_intro":"0","show_category":"0","link_category":"0","show_parent_category":"0","link_parent_category":"0","show_author":"0","link_author":"0","show_create_date":"0","show_modify_date":"0","show_publish_date":"0","show_item_navigation":"0","show_icons":"0","show_print_icon":"0","show_email_icon":"0","show_vote":"0","show_hits":"0","show_noauth":"0","urls_position":"","alternative_readmore":"","article_layout":"","show_publishing_options":"","show_article_options":"","show_urls_images_backend":"","show_urls_images_frontend":""}', 4, 0, 10, '', '', 1, 29, '{"robots":"","author":"","rights":"","xreference":""}', 0, '*', ''),
(52, 97, 'Marc Ababa Garments and Services', 'about-us', '', '<p><br />Lorem Ipsum is simply dummy text of the printing and typesetting industry. Lorem Ipsum has been the industry''s standard dummy text ever since the 1500s, when an unknown printer took a galley of type and scrambled it to make a type specimen book. It has survived not only five centuries, but also the leap into electronic typesetting, remaining essentially unchanged. It was popularised in the 1960s with the release of Letraset sheets containing Lorem Ipsum passages, and more recently with desktop publishing software like Aldus PageMaker including versions of Lorem Ipsum</p>', '', 1, 0, 0, 2, '2013-03-21 04:30:19', 571, '', '2013-03-21 04:39:58', 571, 0, '0000-00-00 00:00:00', '2013-03-21 04:30:19', '0000-00-00 00:00:00', '{"image_intro":"","float_intro":"","image_intro_alt":"","image_intro_caption":"","image_fulltext":"","float_fulltext":"","image_fulltext_alt":"","image_fulltext_caption":""}', '{"urla":null,"urlatext":"","targeta":"","urlb":null,"urlbtext":"","targetb":"","urlc":null,"urlctext":"","targetc":""}', '{"show_title":"","link_titles":"","show_intro":"","show_category":"","link_category":"","show_parent_category":"","link_parent_category":"","show_author":"","link_author":"","show_create_date":"","show_modify_date":"","show_publish_date":"","show_item_navigation":"","show_icons":"","show_print_icon":"","show_email_icon":"","show_vote":"","show_hits":"","show_noauth":"","urls_position":"","alternative_readmore":"","article_layout":"","show_publishing_options":"","show_article_options":"","show_urls_images_backend":"","show_urls_images_frontend":""}', 2, 0, 3, '', '', 1, 4, '{"robots":"","author":"","rights":"","xreference":""}', 0, '*', ''),
(53, 98, 'Terms & Conditions', 'terms-conditions', '', '<p><br />Lorem Ipsum is simply dummy text of the printing and typesetting industry. Lorem Ipsum has been the industry''s standard dummy text ever since the 1500s, when an unknown printer took a galley of type and scrambled it to make a type specimen book. It has survived not only five centuries, but also the leap into electronic typesetting, remaining essentially unchanged. It was popularised in the 1960s with the release of Letraset sheets containing Lorem Ipsum passages, and more recently with desktop publishing software like Aldus PageMaker including versions of Lorem Ipsum</p>', '', 1, 0, 0, 2, '2013-03-21 04:40:36', 571, '', '0000-00-00 00:00:00', 0, 0, '0000-00-00 00:00:00', '2013-03-21 04:40:36', '0000-00-00 00:00:00', '{"image_intro":"","float_intro":"","image_intro_alt":"","image_intro_caption":"","image_fulltext":"","float_fulltext":"","image_fulltext_alt":"","image_fulltext_caption":""}', '{"urla":null,"urlatext":"","targeta":"","urlb":null,"urlbtext":"","targetb":"","urlc":null,"urlctext":"","targetc":""}', '{"show_title":"","link_titles":"","show_intro":"","show_category":"","link_category":"","show_parent_category":"","link_parent_category":"","show_author":"","link_author":"","show_create_date":"","show_modify_date":"","show_publish_date":"","show_item_navigation":"","show_icons":"","show_print_icon":"","show_email_icon":"","show_vote":"","show_hits":"","show_noauth":"","urls_position":"","alternative_readmore":"","article_layout":"","show_publishing_options":"","show_article_options":"","show_urls_images_backend":"","show_urls_images_frontend":""}', 1, 0, 2, '', '', 1, 0, '{"robots":"","author":"","rights":"","xreference":""}', 0, '*', ''),
(55, 100, 'Policies', 'policies', '', '<p><br />Lorem Ipsum is simply dummy text of the printing and typesetting industry. Lorem Ipsum has been the industry''s standard dummy text ever since the 1500s, when an unknown printer took a galley of type and scrambled it to make a type specimen book. It has survived not only five centuries, but also the leap into electronic typesetting, remaining essentially unchanged. It was popularised in the 1960s with the release of Letraset sheets containing Lorem Ipsum passages, and more recently with desktop publishing software like Aldus PageMaker including versions of Lorem Ipsum</p>', '', 1, 0, 0, 2, '2013-03-21 04:41:49', 571, '', '0000-00-00 00:00:00', 0, 0, '0000-00-00 00:00:00', '2013-03-21 04:41:49', '0000-00-00 00:00:00', '{"image_intro":"","float_intro":"","image_intro_alt":"","image_intro_caption":"","image_fulltext":"","float_fulltext":"","image_fulltext_alt":"","image_fulltext_caption":""}', '{"urla":null,"urlatext":"","targeta":"","urlb":null,"urlbtext":"","targetb":"","urlc":null,"urlctext":"","targetc":""}', '{"show_title":"","link_titles":"","show_intro":"","show_category":"","link_category":"","show_parent_category":"","link_parent_category":"","show_author":"","link_author":"","show_create_date":"","show_modify_date":"","show_publish_date":"","show_item_navigation":"","show_icons":"","show_print_icon":"","show_email_icon":"","show_vote":"","show_hits":"","show_noauth":"","urls_position":"","alternative_readmore":"","article_layout":"","show_publishing_options":"","show_article_options":"","show_urls_images_backend":"","show_urls_images_frontend":""}', 1, 0, 0, '', '', 1, 0, '{"robots":"","author":"","rights":"","xreference":""}', 0, '*', ''),
(57, 105, 'Ladies Wear', 'ladies-wear', '', '<p><br />Lorem Ipsum is simply dummy text of the printing and typesetting industry. Lorem Ipsum has been the industry''s standard dummy text ever since the 1500s, when an unknown printer took a galley of type and scrambled it to make a type specimen book. It has survived not only five centuries, but also the leap into electronic typesetting, remaining essentially unchanged. It was popularised in the 1960s with the release of Letraset sheets containing Lorem Ipsum passages, and more recently with desktop publishing software like Aldus PageMaker including versions of Lorem Ipsum</p>', '', 1, 0, 0, 11, '2013-03-21 04:55:35', 571, '', '0000-00-00 00:00:00', 0, 0, '0000-00-00 00:00:00', '2013-03-21 04:55:35', '0000-00-00 00:00:00', '{"image_intro":"","float_intro":"","image_intro_alt":"","image_intro_caption":"","image_fulltext":"","float_fulltext":"","image_fulltext_alt":"","image_fulltext_caption":""}', '{"urla":null,"urlatext":"","targeta":"","urlb":null,"urlbtext":"","targetb":"","urlc":null,"urlctext":"","targetc":""}', '{"show_title":"","link_titles":"","show_intro":"","show_category":"","link_category":"","show_parent_category":"","link_parent_category":"","show_author":"","link_author":"","show_create_date":"","show_modify_date":"","show_publish_date":"","show_item_navigation":"","show_icons":"","show_print_icon":"","show_email_icon":"","show_vote":"","show_hits":"","show_noauth":"","urls_position":"","alternative_readmore":"","article_layout":"","show_publishing_options":"","show_article_options":"","show_urls_images_backend":"","show_urls_images_frontend":""}', 1, 0, 9, '', '', 1, 6, '{"robots":"","author":"","rights":"","xreference":""}', 0, '*', ''),
(58, 106, 'Kid''s Wear', 'kids-wear', '', '<p><br />Lorem Ipsum is simply dummy text of the printing and typesetting industry. Lorem Ipsum has been the industry''s standard dummy text ever since the 1500s, when an unknown printer took a galley of type and scrambled it to make a type specimen book. It has survived not only five centuries, but also the leap into electronic typesetting, remaining essentially unchanged. It was popularised in the 1960s with the release of Letraset sheets containing Lorem Ipsum passages, and more recently with desktop publishing software like Aldus PageMaker including versions of Lorem Ipsum</p>', '', 1, 0, 0, 11, '2013-03-21 04:55:50', 571, '', '0000-00-00 00:00:00', 0, 0, '0000-00-00 00:00:00', '2013-03-21 04:55:50', '0000-00-00 00:00:00', '{"image_intro":"","float_intro":"","image_intro_alt":"","image_intro_caption":"","image_fulltext":"","float_fulltext":"","image_fulltext_alt":"","image_fulltext_caption":""}', '{"urla":null,"urlatext":"","targeta":"","urlb":null,"urlbtext":"","targetb":"","urlc":null,"urlctext":"","targetc":""}', '{"show_title":"","link_titles":"","show_intro":"","show_category":"","link_category":"","show_parent_category":"","link_parent_category":"","show_author":"","link_author":"","show_create_date":"","show_modify_date":"","show_publish_date":"","show_item_navigation":"","show_icons":"","show_print_icon":"","show_email_icon":"","show_vote":"","show_hits":"","show_noauth":"","urls_position":"","alternative_readmore":"","article_layout":"","show_publishing_options":"","show_article_options":"","show_urls_images_backend":"","show_urls_images_frontend":""}', 1, 0, 8, '', '', 1, 2, '{"robots":"","author":"","rights":"","xreference":""}', 0, '*', ''),
(59, 107, 'Garments', 'garments', '', '<p><br />Lorem Ipsum is simply dummy text of the printing and typesetting industry. Lorem Ipsum has been the industry''s standard dummy text ever since the 1500s, when an unknown printer took a galley of type and scrambled it to make a type specimen book. It has survived not only five centuries, but also the leap into electronic typesetting, remaining essentially unchanged. It was popularised in the 1960s with the release of Letraset sheets containing Lorem Ipsum passages, and more recently with desktop publishing software like Aldus PageMaker including versions of Lorem Ipsum</p>', '', 1, 0, 0, 11, '2013-03-21 04:56:05', 571, '', '0000-00-00 00:00:00', 0, 0, '0000-00-00 00:00:00', '2013-03-21 04:56:05', '0000-00-00 00:00:00', '{"image_intro":"","float_intro":"","image_intro_alt":"","image_intro_caption":"","image_fulltext":"","float_fulltext":"","image_fulltext_alt":"","image_fulltext_caption":""}', '{"urla":null,"urlatext":"","targeta":"","urlb":null,"urlbtext":"","targetb":"","urlc":null,"urlctext":"","targetc":""}', '{"show_title":"","link_titles":"","show_intro":"","show_category":"","link_category":"","show_parent_category":"","link_parent_category":"","show_author":"","link_author":"","show_create_date":"","show_modify_date":"","show_publish_date":"","show_item_navigation":"","show_icons":"","show_print_icon":"","show_email_icon":"","show_vote":"","show_hits":"","show_noauth":"","urls_position":"","alternative_readmore":"","article_layout":"","show_publishing_options":"","show_article_options":"","show_urls_images_backend":"","show_urls_images_frontend":""}', 1, 0, 7, '', '', 1, 1, '{"robots":"","author":"","rights":"","xreference":""}', 0, '*', ''),
(60, 108, 'Jeans', 'jeans', '', '<p><br />Lorem Ipsum is simply dummy text of the printing and typesetting industry. Lorem Ipsum has been the industry''s standard dummy text ever since the 1500s, when an unknown printer took a galley of type and scrambled it to make a type specimen book. It has survived not only five centuries, but also the leap into electronic typesetting, remaining essentially unchanged. It was popularised in the 1960s with the release of Letraset sheets containing Lorem Ipsum passages, and more recently with desktop publishing software like Aldus PageMaker including versions of Lorem Ipsum</p>', '', 1, 0, 0, 11, '2013-03-21 04:56:27', 571, '', '0000-00-00 00:00:00', 0, 0, '0000-00-00 00:00:00', '2013-03-21 04:56:27', '0000-00-00 00:00:00', '{"image_intro":"","float_intro":"","image_intro_alt":"","image_intro_caption":"","image_fulltext":"","float_fulltext":"","image_fulltext_alt":"","image_fulltext_caption":""}', '{"urla":null,"urlatext":"","targeta":"","urlb":null,"urlbtext":"","targetb":"","urlc":null,"urlctext":"","targetc":""}', '{"show_title":"","link_titles":"","show_intro":"","show_category":"","link_category":"","show_parent_category":"","link_parent_category":"","show_author":"","link_author":"","show_create_date":"","show_modify_date":"","show_publish_date":"","show_item_navigation":"","show_icons":"","show_print_icon":"","show_email_icon":"","show_vote":"","show_hits":"","show_noauth":"","urls_position":"","alternative_readmore":"","article_layout":"","show_publishing_options":"","show_article_options":"","show_urls_images_backend":"","show_urls_images_frontend":""}', 1, 0, 6, '', '', 1, 1, '{"robots":"","author":"","rights":"","xreference":""}', 0, '*', ''),
(61, 109, 'Beauty', 'beauty', '', '<p><br />Lorem Ipsum is simply dummy text of the printing and typesetting industry. Lorem Ipsum has been the industry''s standard dummy text ever since the 1500s, when an unknown printer took a galley of type and scrambled it to make a type specimen book. It has survived not only five centuries, but also the leap into electronic typesetting, remaining essentially unchanged. It was popularised in the 1960s with the release of Letraset sheets containing Lorem Ipsum passages, and more recently with desktop publishing software like Aldus PageMaker including versions of Lorem Ipsum</p>', '', 1, 0, 0, 11, '2013-03-21 04:56:43', 571, '', '0000-00-00 00:00:00', 0, 0, '0000-00-00 00:00:00', '2013-03-21 04:56:43', '0000-00-00 00:00:00', '{"image_intro":"","float_intro":"","image_intro_alt":"","image_intro_caption":"","image_fulltext":"","float_fulltext":"","image_fulltext_alt":"","image_fulltext_caption":""}', '{"urla":null,"urlatext":"","targeta":"","urlb":null,"urlbtext":"","targetb":"","urlc":null,"urlctext":"","targetc":""}', '{"show_title":"","link_titles":"","show_intro":"","show_category":"","link_category":"","show_parent_category":"","link_parent_category":"","show_author":"","link_author":"","show_create_date":"","show_modify_date":"","show_publish_date":"","show_item_navigation":"","show_icons":"","show_print_icon":"","show_email_icon":"","show_vote":"","show_hits":"","show_noauth":"","urls_position":"","alternative_readmore":"","article_layout":"","show_publishing_options":"","show_article_options":"","show_urls_images_backend":"","show_urls_images_frontend":""}', 1, 0, 5, '', '', 1, 0, '{"robots":"","author":"","rights":"","xreference":""}', 0, '*', ''),
(62, 110, 'Suits', 'suits', '', '<p><br />Lorem Ipsum is simply dummy text of the printing and typesetting industry. Lorem Ipsum has been the industry''s standard dummy text ever since the 1500s, when an unknown printer took a galley of type and scrambled it to make a type specimen book. It has survived not only five centuries, but also the leap into electronic typesetting, remaining essentially unchanged. It was popularised in the 1960s with the release of Letraset sheets containing Lorem Ipsum passages, and more recently with desktop publishing software like Aldus PageMaker including versions of Lorem Ipsum</p>', '', 1, 0, 0, 11, '2013-03-21 04:56:56', 571, '', '0000-00-00 00:00:00', 0, 0, '0000-00-00 00:00:00', '2013-03-21 04:56:56', '0000-00-00 00:00:00', '{"image_intro":"","float_intro":"","image_intro_alt":"","image_intro_caption":"","image_fulltext":"","float_fulltext":"","image_fulltext_alt":"","image_fulltext_caption":""}', '{"urla":null,"urlatext":"","targeta":"","urlb":null,"urlbtext":"","targetb":"","urlc":null,"urlctext":"","targetc":""}', '{"show_title":"","link_titles":"","show_intro":"","show_category":"","link_category":"","show_parent_category":"","link_parent_category":"","show_author":"","link_author":"","show_create_date":"","show_modify_date":"","show_publish_date":"","show_item_navigation":"","show_icons":"","show_print_icon":"","show_email_icon":"","show_vote":"","show_hits":"","show_noauth":"","urls_position":"","alternative_readmore":"","article_layout":"","show_publishing_options":"","show_article_options":"","show_urls_images_backend":"","show_urls_images_frontend":""}', 1, 0, 4, '', '', 1, 0, '{"robots":"","author":"","rights":"","xreference":""}', 0, '*', ''),
(63, 111, 'Gowns', 'gowns', '', '<p><br />Lorem Ipsum is simply dummy text of the printing and typesetting industry. Lorem Ipsum has been the industry''s standard dummy text ever since the 1500s, when an unknown printer took a galley of type and scrambled it to make a type specimen book. It has survived not only five centuries, but also the leap into electronic typesetting, remaining essentially unchanged. It was popularised in the 1960s with the release of Letraset sheets containing Lorem Ipsum passages, and more recently with desktop publishing software like Aldus PageMaker including versions of Lorem Ipsum</p>', '', 1, 0, 0, 11, '2013-03-21 04:57:13', 571, '', '0000-00-00 00:00:00', 0, 0, '0000-00-00 00:00:00', '2013-03-21 04:57:13', '0000-00-00 00:00:00', '{"image_intro":"","float_intro":"","image_intro_alt":"","image_intro_caption":"","image_fulltext":"","float_fulltext":"","image_fulltext_alt":"","image_fulltext_caption":""}', '{"urla":null,"urlatext":"","targeta":"","urlb":null,"urlbtext":"","targetb":"","urlc":null,"urlctext":"","targetc":""}', '{"show_title":"","link_titles":"","show_intro":"","show_category":"","link_category":"","show_parent_category":"","link_parent_category":"","show_author":"","link_author":"","show_create_date":"","show_modify_date":"","show_publish_date":"","show_item_navigation":"","show_icons":"","show_print_icon":"","show_email_icon":"","show_vote":"","show_hits":"","show_noauth":"","urls_position":"","alternative_readmore":"","article_layout":"","show_publishing_options":"","show_article_options":"","show_urls_images_backend":"","show_urls_images_frontend":""}', 1, 0, 3, '', '', 1, 1, '{"robots":"","author":"","rights":"","xreference":""}', 0, '*', ''),
(64, 112, 'Accessories', 'accessories', '', '<p><br />Lorem Ipsum is simply dummy text of the printing and typesetting industry. Lorem Ipsum has been the industry''s standard dummy text ever since the 1500s, when an unknown printer took a galley of type and scrambled it to make a type specimen book. It has survived not only five centuries, but also the leap into electronic typesetting, remaining essentially unchanged. It was popularised in the 1960s with the release of Letraset sheets containing Lorem Ipsum passages, and more recently with desktop publishing software like Aldus PageMaker including versions of Lorem Ipsum</p>', '', 1, 0, 0, 11, '2013-03-21 04:57:39', 571, '', '0000-00-00 00:00:00', 0, 0, '0000-00-00 00:00:00', '2013-03-21 04:57:39', '0000-00-00 00:00:00', '{"image_intro":"","float_intro":"","image_intro_alt":"","image_intro_caption":"","image_fulltext":"","float_fulltext":"","image_fulltext_alt":"","image_fulltext_caption":""}', '{"urla":null,"urlatext":"","targeta":"","urlb":null,"urlbtext":"","targetb":"","urlc":null,"urlctext":"","targetc":""}', '{"show_title":"","link_titles":"","show_intro":"","show_category":"","link_category":"","show_parent_category":"","link_parent_category":"","show_author":"","link_author":"","show_create_date":"","show_modify_date":"","show_publish_date":"","show_item_navigation":"","show_icons":"","show_print_icon":"","show_email_icon":"","show_vote":"","show_hits":"","show_noauth":"","urls_position":"","alternative_readmore":"","article_layout":"","show_publishing_options":"","show_article_options":"","show_urls_images_backend":"","show_urls_images_frontend":""}', 1, 0, 2, '', '', 1, 0, '{"robots":"","author":"","rights":"","xreference":""}', 0, '*', ''),
(65, 113, 'Bags', 'bags', '', '<p><br />Lorem Ipsum is simply dummy text of the printing and typesetting industry. Lorem Ipsum has been the industry''s standard dummy text ever since the 1500s, when an unknown printer took a galley of type and scrambled it to make a type specimen book. It has survived not only five centuries, but also the leap into electronic typesetting, remaining essentially unchanged. It was popularised in the 1960s with the release of Letraset sheets containing Lorem Ipsum passages, and more recently with desktop publishing software like Aldus PageMaker including versions of Lorem Ipsum</p>', '', 1, 0, 0, 11, '2013-03-21 04:57:57', 571, '', '0000-00-00 00:00:00', 0, 0, '0000-00-00 00:00:00', '2013-03-21 04:57:57', '0000-00-00 00:00:00', '{"image_intro":"","float_intro":"","image_intro_alt":"","image_intro_caption":"","image_fulltext":"","float_fulltext":"","image_fulltext_alt":"","image_fulltext_caption":""}', '{"urla":null,"urlatext":"","targeta":"","urlb":null,"urlbtext":"","targetb":"","urlc":null,"urlctext":"","targetc":""}', '{"show_title":"","link_titles":"","show_intro":"","show_category":"","link_category":"","show_parent_category":"","link_parent_category":"","show_author":"","link_author":"","show_create_date":"","show_modify_date":"","show_publish_date":"","show_item_navigation":"","show_icons":"","show_print_icon":"","show_email_icon":"","show_vote":"","show_hits":"","show_noauth":"","urls_position":"","alternative_readmore":"","article_layout":"","show_publishing_options":"","show_article_options":"","show_urls_images_backend":"","show_urls_images_frontend":""}', 1, 0, 1, '', '', 1, 0, '{"robots":"","author":"","rights":"","xreference":""}', 0, '*', ''),
(66, 114, 'Shoes', 'shoes', '', '<p><br />Lorem Ipsum is simply dummy text of the printing and typesetting industry. Lorem Ipsum has been the industry''s standard dummy text ever since the 1500s, when an unknown printer took a galley of type and scrambled it to make a type specimen book. It has survived not only five centuries, but also the leap into electronic typesetting, remaining essentially unchanged. It was popularised in the 1960s with the release of Letraset sheets containing Lorem Ipsum passages, and more recently with desktop publishing software like Aldus PageMaker including versions of Lorem Ipsum</p>', '', 1, 0, 0, 11, '2013-03-21 04:58:10', 571, '', '0000-00-00 00:00:00', 0, 0, '0000-00-00 00:00:00', '2013-03-21 04:58:10', '0000-00-00 00:00:00', '{"image_intro":"","float_intro":"","image_intro_alt":"","image_intro_caption":"","image_fulltext":"","float_fulltext":"","image_fulltext_alt":"","image_fulltext_caption":""}', '{"urla":null,"urlatext":"","targeta":"","urlb":null,"urlbtext":"","targetb":"","urlc":null,"urlctext":"","targetc":""}', '{"show_title":"","link_titles":"","show_intro":"","show_category":"","link_category":"","show_parent_category":"","link_parent_category":"","show_author":"","link_author":"","show_create_date":"","show_modify_date":"","show_publish_date":"","show_item_navigation":"","show_icons":"","show_print_icon":"","show_email_icon":"","show_vote":"","show_hits":"","show_noauth":"","urls_position":"","alternative_readmore":"","article_layout":"","show_publishing_options":"","show_article_options":"","show_urls_images_backend":"","show_urls_images_frontend":""}', 1, 0, 0, '', '', 1, 1, '{"robots":"","author":"","rights":"","xreference":""}', 0, '*', '');

-- --------------------------------------------------------

--
-- Table structure for table `pjyu3_content_frontpage`
--

CREATE TABLE IF NOT EXISTS `pjyu3_content_frontpage` (
  `content_id` int(11) NOT NULL DEFAULT '0',
  `ordering` int(11) NOT NULL DEFAULT '0',
  PRIMARY KEY (`content_id`)
) ENGINE=InnoDB DEFAULT CHARSET=utf8;

--
-- Dumping data for table `pjyu3_content_frontpage`
--

INSERT INTO `pjyu3_content_frontpage` (`content_id`, `ordering`) VALUES
(8, 5),
(9, 4),
(10, 3),
(12, 2),
(37, 1);

-- --------------------------------------------------------

--
-- Table structure for table `pjyu3_content_rating`
--

CREATE TABLE IF NOT EXISTS `pjyu3_content_rating` (
  `content_id` int(11) NOT NULL DEFAULT '0',
  `rating_sum` int(10) unsigned NOT NULL DEFAULT '0',
  `rating_count` int(10) unsigned NOT NULL DEFAULT '0',
  `lastip` varchar(50) NOT NULL DEFAULT '',
  PRIMARY KEY (`content_id`)
) ENGINE=InnoDB DEFAULT CHARSET=utf8;

-- --------------------------------------------------------

--
-- Table structure for table `pjyu3_core_log_searches`
--

CREATE TABLE IF NOT EXISTS `pjyu3_core_log_searches` (
  `search_term` varchar(128) NOT NULL DEFAULT '',
  `hits` int(10) unsigned NOT NULL DEFAULT '0'
) ENGINE=InnoDB DEFAULT CHARSET=utf8;

-- --------------------------------------------------------

--
-- Table structure for table `pjyu3_extensions`
--

CREATE TABLE IF NOT EXISTS `pjyu3_extensions` (
  `extension_id` int(11) NOT NULL AUTO_INCREMENT,
  `name` varchar(100) NOT NULL,
  `type` varchar(20) NOT NULL,
  `element` varchar(100) NOT NULL,
  `folder` varchar(100) NOT NULL,
  `client_id` tinyint(3) NOT NULL,
  `enabled` tinyint(3) NOT NULL DEFAULT '1',
  `access` int(10) unsigned DEFAULT NULL,
  `protected` tinyint(3) NOT NULL DEFAULT '0',
  `manifest_cache` text NOT NULL,
  `params` text NOT NULL,
  `custom_data` text NOT NULL,
  `system_data` text NOT NULL,
  `checked_out` int(10) unsigned NOT NULL DEFAULT '0',
  `checked_out_time` datetime NOT NULL DEFAULT '0000-00-00 00:00:00',
  `ordering` int(11) DEFAULT '0',
  `state` int(11) DEFAULT '0',
  PRIMARY KEY (`extension_id`),
  KEY `element_clientid` (`element`,`client_id`),
  KEY `element_folder_clientid` (`element`,`folder`,`client_id`),
  KEY `extension` (`type`,`element`,`folder`,`client_id`)
) ENGINE=InnoDB  DEFAULT CHARSET=utf8 AUTO_INCREMENT=10033 ;

--
-- Dumping data for table `pjyu3_extensions`
--

INSERT INTO `pjyu3_extensions` (`extension_id`, `name`, `type`, `element`, `folder`, `client_id`, `enabled`, `access`, `protected`, `manifest_cache`, `params`, `custom_data`, `system_data`, `checked_out`, `checked_out_time`, `ordering`, `state`) VALUES
(1, 'com_mailto', 'component', 'com_mailto', '', 0, 1, 1, 1, '{"legacy":false,"name":"com_mailto","type":"component","creationDate":"April 2006","author":"Joomla! Project","copyright":"(C) 2005 - 2012 Open Source Matters. All rights reserved.\\t","authorEmail":"admin@joomla.org","authorUrl":"www.joomla.org","version":"2.5.0","description":"COM_MAILTO_XML_DESCRIPTION","group":""}', '', '', '', 0, '0000-00-00 00:00:00', 0, 0),
(2, 'com_wrapper', 'component', 'com_wrapper', '', 0, 1, 1, 1, '{"legacy":false,"name":"com_wrapper","type":"component","creationDate":"April 2006","author":"Joomla! Project","copyright":"(C) 2005 - 2012 Open Source Matters. All rights reserved.\\n\\t","authorEmail":"admin@joomla.org","authorUrl":"www.joomla.org","version":"2.5.0","description":"COM_WRAPPER_XML_DESCRIPTION","group":""}', '', '', '', 0, '0000-00-00 00:00:00', 0, 0),
(3, 'com_admin', 'component', 'com_admin', '', 1, 1, 1, 1, '{"legacy":false,"name":"com_admin","type":"component","creationDate":"April 2006","author":"Joomla! Project","copyright":"(C) 2005 - 2012 Open Source Matters. All rights reserved.\\n\\t","authorEmail":"admin@joomla.org","authorUrl":"www.joomla.org","version":"2.5.0","description":"COM_ADMIN_XML_DESCRIPTION","group":""}', '', '', '', 0, '0000-00-00 00:00:00', 0, 0),
(4, 'com_banners', 'component', 'com_banners', '', 1, 1, 1, 0, '{"legacy":false,"name":"com_banners","type":"component","creationDate":"April 2006","author":"Joomla! Project","copyright":"(C) 2005 - 2012 Open Source Matters. All rights reserved.\\n\\t","authorEmail":"admin@joomla.org","authorUrl":"www.joomla.org","version":"2.5.0","description":"COM_BANNERS_XML_DESCRIPTION","group":""}', '{"purchase_type":"3","track_impressions":"0","track_clicks":"0","metakey_prefix":""}', '', '', 0, '0000-00-00 00:00:00', 0, 0),
(5, 'com_cache', 'component', 'com_cache', '', 1, 1, 1, 1, '{"legacy":false,"name":"com_cache","type":"component","creationDate":"April 2006","author":"Joomla! Project","copyright":"(C) 2005 - 2012 Open Source Matters. All rights reserved.\\t","authorEmail":"admin@joomla.org","authorUrl":"www.joomla.org","version":"2.5.0","description":"COM_CACHE_XML_DESCRIPTION","group":""}', '', '', '', 0, '0000-00-00 00:00:00', 0, 0),
(6, 'com_categories', 'component', 'com_categories', '', 1, 1, 1, 1, '{"legacy":false,"name":"com_categories","type":"component","creationDate":"December 2007","author":"Joomla! Project","copyright":"(C) 2005 - 2012 Open Source Matters. All rights reserved.","authorEmail":"admin@joomla.org","authorUrl":"www.joomla.org","version":"2.5.0","description":"COM_CATEGORIES_XML_DESCRIPTION","group":""}', '', '', '', 0, '0000-00-00 00:00:00', 0, 0),
(7, 'com_checkin', 'component', 'com_checkin', '', 1, 1, 1, 1, '{"legacy":false,"name":"com_checkin","type":"component","creationDate":"Unknown","author":"Joomla! Project","copyright":"(C) 2005 - 2008 Open Source Matters. All rights reserved.\\n\\t","authorEmail":"admin@joomla.org","authorUrl":"www.joomla.org","version":"2.5.0","description":"COM_CHECKIN_XML_DESCRIPTION","group":""}', '', '', '', 0, '0000-00-00 00:00:00', 0, 0),
(8, 'com_contact', 'component', 'com_contact', '', 1, 1, 1, 0, '{"legacy":false,"name":"com_contact","type":"component","creationDate":"April 2006","author":"Joomla! Project","copyright":"(C) 2005 - 2012 Open Source Matters. All rights reserved.\\n\\t","authorEmail":"admin@joomla.org","authorUrl":"www.joomla.org","version":"2.5.0","description":"COM_CONTACT_XML_DESCRIPTION","group":""}', '{"contact_layout":"_:default","show_contact_category":"hide","show_contact_list":"0","presentation_style":"sliders","show_name":"1","show_position":"1","show_email":"0","show_street_address":"1","show_suburb":"1","show_state":"1","show_postcode":"1","show_country":"1","show_telephone":"1","show_mobile":"1","show_fax":"1","show_webpage":"1","show_misc":"1","show_image":"1","image":"","allow_vcard":"0","show_articles":"0","show_profile":"0","show_links":"0","linka_name":"","linkb_name":"","linkc_name":"","linkd_name":"","linke_name":"","contact_icons":"0","icon_address":"","icon_email":"","icon_telephone":"","icon_mobile":"","icon_fax":"","icon_misc":"","category_layout":"_:default","show_category_title":"1","show_description":"1","show_description_image":"0","maxLevel":"-1","show_empty_categories":"0","show_subcat_desc":"1","show_cat_items":"1","show_base_description":"1","maxLevelcat":"-1","show_empty_categories_cat":"0","show_subcat_desc_cat":"1","show_cat_items_cat":"1","show_pagination_limit":"1","show_headings":"1","show_position_headings":"1","show_email_headings":"0","show_telephone_headings":"1","show_mobile_headings":"0","show_fax_headings":"0","show_suburb_headings":"1","show_state_headings":"1","show_country_headings":"1","show_pagination":"2","show_pagination_results":"1","initial_sort":"ordering","show_email_form":"1","show_email_copy":"1","banned_email":"","banned_subject":"","banned_text":"","validate_session":"1","custom_reply":"0","redirect":"","show_feed_link":"1"}', '', '', 0, '0000-00-00 00:00:00', 0, 0),
(9, 'com_cpanel', 'component', 'com_cpanel', '', 1, 1, 1, 1, '{"legacy":false,"name":"com_cpanel","type":"component","creationDate":"April 2006","author":"Joomla! Project","copyright":"(C) 2005 - 2012 Open Source Matters. All rights reserved.","authorEmail":"admin@joomla.org","authorUrl":"www.joomla.org","version":"2.5.0","description":"COM_CPANEL_XML_DESCRIPTION","group":""}', '', '', '', 0, '0000-00-00 00:00:00', 0, 0),
(10, 'com_installer', 'component', 'com_installer', '', 1, 1, 1, 1, '{"legacy":false,"name":"com_installer","type":"component","creationDate":"April 2006","author":"Joomla! Project","copyright":"(C) 2005 - 2012 Open Source Matters. All rights reserved.\\t","authorEmail":"admin@joomla.org","authorUrl":"www.joomla.org","version":"2.5.0","description":"COM_INSTALLER_XML_DESCRIPTION","group":""}', '{}', '', '', 0, '0000-00-00 00:00:00', 0, 0),
(11, 'com_languages', 'component', 'com_languages', '', 1, 1, 1, 1, '{"legacy":false,"name":"com_languages","type":"component","creationDate":"2006","author":"Joomla! Project","copyright":"(C) 2005 - 2012 Open Source Matters. All rights reserved.\\n\\t","authorEmail":"admin@joomla.org","authorUrl":"www.joomla.org","version":"2.5.0","description":"COM_LANGUAGES_XML_DESCRIPTION","group":""}', '{"administrator":"en-GB","site":"en-GB"}', '', '', 0, '0000-00-00 00:00:00', 0, 0),
(12, 'com_login', 'component', 'com_login', '', 1, 1, 1, 1, '{"legacy":false,"name":"com_login","type":"component","creationDate":"April 2006","author":"Joomla! Project","copyright":"(C) 2005 - 2012 Open Source Matters. All rights reserved.\\t","authorEmail":"admin@joomla.org","authorUrl":"www.joomla.org","version":"2.5.0","description":"COM_LOGIN_XML_DESCRIPTION","group":""}', '', '', '', 0, '0000-00-00 00:00:00', 0, 0),
(13, 'com_media', 'component', 'com_media', '', 1, 1, 0, 1, '{"legacy":false,"name":"com_media","type":"component","creationDate":"April 2006","author":"Joomla! Project","copyright":"(C) 2005 - 2012 Open Source Matters. All rights reserved.\\t","authorEmail":"admin@joomla.org","authorUrl":"www.joomla.org","version":"2.5.0","description":"COM_MEDIA_XML_DESCRIPTION","group":""}', '{"upload_extensions":"bmp,csv,doc,gif,ico,jpg,jpeg,odg,odp,ods,odt,pdf,png,ppt,swf,txt,xcf,xls,BMP,CSV,DOC,GIF,ICO,JPG,JPEG,ODG,ODP,ODS,ODT,PDF,PNG,PPT,SWF,TXT,XCF,XLS","upload_maxsize":"10","file_path":"images","image_path":"images","restrict_uploads":"1","allowed_media_usergroup":"3","check_mime":"1","image_extensions":"bmp,gif,jpg,png","ignore_extensions":"","upload_mime":"image\\/jpeg,image\\/gif,image\\/png,image\\/bmp,application\\/x-shockwave-flash,application\\/msword,application\\/excel,application\\/pdf,application\\/powerpoint,text\\/plain,application\\/x-zip","upload_mime_illegal":"text\\/html","enable_flash":"0"}', '', '', 0, '0000-00-00 00:00:00', 0, 0),
(14, 'com_menus', 'component', 'com_menus', '', 1, 1, 1, 1, '{"legacy":false,"name":"com_menus","type":"component","creationDate":"April 2006","author":"Joomla! Project","copyright":"(C) 2005 - 2012 Open Source Matters. All rights reserved.\\t","authorEmail":"admin@joomla.org","authorUrl":"www.joomla.org","version":"2.5.0","description":"COM_MENUS_XML_DESCRIPTION","group":""}', '{}', '', '', 0, '0000-00-00 00:00:00', 0, 0),
(15, 'com_messages', 'component', 'com_messages', '', 1, 1, 1, 1, '{"legacy":false,"name":"com_messages","type":"component","creationDate":"April 2006","author":"Joomla! Project","copyright":"(C) 2005 - 2012 Open Source Matters. All rights reserved.\\t","authorEmail":"admin@joomla.org","authorUrl":"www.joomla.org","version":"2.5.0","description":"COM_MESSAGES_XML_DESCRIPTION","group":""}', '', '', '', 0, '0000-00-00 00:00:00', 0, 0),
(16, 'com_modules', 'component', 'com_modules', '', 1, 1, 1, 1, '{"legacy":false,"name":"com_modules","type":"component","creationDate":"April 2006","author":"Joomla! Project","copyright":"(C) 2005 - 2012 Open Source Matters. All rights reserved.\\t","authorEmail":"admin@joomla.org","authorUrl":"www.joomla.org","version":"2.5.0","description":"COM_MODULES_XML_DESCRIPTION","group":""}', '{}', '', '', 0, '0000-00-00 00:00:00', 0, 0),
(17, 'com_newsfeeds', 'component', 'com_newsfeeds', '', 1, 1, 1, 0, '{"legacy":false,"name":"com_newsfeeds","type":"component","creationDate":"April 2006","author":"Joomla! Project","copyright":"(C) 2005 - 2012 Open Source Matters. All rights reserved.\\t","authorEmail":"admin@joomla.org","authorUrl":"www.joomla.org","version":"2.5.0","description":"COM_NEWSFEEDS_XML_DESCRIPTION","group":""}', '{"show_feed_image":"1","show_feed_description":"1","show_item_description":"1","feed_word_count":"0","show_headings":"1","show_name":"1","show_articles":"0","show_link":"1","show_description":"1","show_description_image":"1","display_num":"","show_pagination_limit":"1","show_pagination":"1","show_pagination_results":"1","show_cat_items":"1"}', '', '', 0, '0000-00-00 00:00:00', 0, 0),
(18, 'com_plugins', 'component', 'com_plugins', '', 1, 1, 1, 1, '{"legacy":false,"name":"com_plugins","type":"component","creationDate":"April 2006","author":"Joomla! Project","copyright":"(C) 2005 - 2012 Open Source Matters. All rights reserved.\\t","authorEmail":"admin@joomla.org","authorUrl":"www.joomla.org","version":"2.5.0","description":"COM_PLUGINS_XML_DESCRIPTION","group":""}', '{}', '', '', 0, '0000-00-00 00:00:00', 0, 0),
(19, 'com_search', 'component', 'com_search', '', 1, 1, 1, 1, '{"legacy":false,"name":"com_search","type":"component","creationDate":"April 2006","author":"Joomla! Project","copyright":"(C) 2005 - 2012 Open Source Matters. All rights reserved.\\n\\t","authorEmail":"admin@joomla.org","authorUrl":"www.joomla.org","version":"2.5.0","description":"COM_SEARCH_XML_DESCRIPTION","group":""}', '{"enabled":"0","show_date":"1"}', '', '', 0, '0000-00-00 00:00:00', 0, 0),
(20, 'com_templates', 'component', 'com_templates', '', 1, 1, 1, 1, '{"legacy":false,"name":"com_templates","type":"component","creationDate":"April 2006","author":"Joomla! Project","copyright":"(C) 2005 - 2012 Open Source Matters. All rights reserved.\\t","authorEmail":"admin@joomla.org","authorUrl":"www.joomla.org","version":"2.5.0","description":"COM_TEMPLATES_XML_DESCRIPTION","group":""}', '{"template_positions_display":"1"}', '', '', 0, '0000-00-00 00:00:00', 0, 0),
(21, 'com_weblinks', 'component', 'com_weblinks', '', 1, 1, 1, 0, '{"legacy":false,"name":"com_weblinks","type":"component","creationDate":"April 2006","author":"Joomla! Project","copyright":"(C) 2005 - 2012 Open Source Matters. All rights reserved.\\n\\t","authorEmail":"admin@joomla.org","authorUrl":"www.joomla.org","version":"2.5.0","description":"COM_WEBLINKS_XML_DESCRIPTION","group":""}', '{"target":"0","count_clicks":"1","icons":1,"link_icons":"","category_layout":"_:default","show_category_title":"1","show_description":"1","show_description_image":"1","maxLevel":"-1","show_empty_categories":"0","show_subcat_desc":"1","show_cat_num_links":"1","show_base_description":"1","maxLevelcat":"-1","show_empty_categories_cat":"0","show_subcat_desc_cat":"1","show_cat_num_links_cat":"1","show_pagination_limit":"1","show_headings":"1","show_link_description":"1","show_link_hits":"1","show_pagination":"2","show_pagination_results":"1","show_feed_link":"1"}', '', '', 0, '0000-00-00 00:00:00', 0, 0),
(22, 'com_content', 'component', 'com_content', '', 1, 1, 0, 1, '{"legacy":false,"name":"com_content","type":"component","creationDate":"April 2006","author":"Joomla! Project","copyright":"(C) 2005 - 2012 Open Source Matters. All rights reserved.\\t","authorEmail":"admin@joomla.org","authorUrl":"www.joomla.org","version":"2.5.0","description":"COM_CONTENT_XML_DESCRIPTION","group":""}', '{"article_layout":"_:default","show_title":"1","link_titles":"1","show_intro":"1","show_category":"1","link_category":"1","show_parent_category":"0","link_parent_category":"0","show_author":"1","link_author":"0","show_create_date":"1","show_modify_date":"0","show_publish_date":"1","show_item_navigation":"1","show_vote":"0","show_readmore":"1","show_readmore_title":"1","readmore_limit":"100","show_icons":"1","show_print_icon":"0","show_email_icon":"0","show_hits":"1","show_noauth":"0","urls_position":"0","show_publishing_options":"1","show_article_options":"1","show_urls_images_frontend":"1","show_urls_images_backend":"1","targeta":0,"targetb":0,"targetc":0,"float_intro":"right","float_fulltext":"right","category_layout":"_:blog","show_category_title":"0","show_description":"0","show_description_image":"0","maxLevel":"1","show_empty_categories":"0","show_no_articles":"1","show_subcat_desc":"1","show_cat_num_articles":"0","show_base_description":"1","maxLevelcat":"-1","show_empty_categories_cat":"0","show_subcat_desc_cat":"1","show_cat_num_articles_cat":"1","num_leading_articles":"1","num_intro_articles":"4","num_columns":"2","num_links":"4","multi_column_order":"0","show_subcategory_content":"0","show_pagination_limit":"1","filter_field":"hide","show_headings":"1","list_show_date":"0","date_format":"","list_show_hits":"1","list_show_author":"1","orderby_pri":"order","orderby_sec":"rdate","order_date":"published","show_pagination":"2","show_pagination_results":"1","show_feed_link":"1","feed_summary":"0"}', '', '', 0, '0000-00-00 00:00:00', 0, 0),
(23, 'com_config', 'component', 'com_config', '', 1, 1, 0, 1, '{"legacy":false,"name":"com_config","type":"component","creationDate":"April 2006","author":"Joomla! Project","copyright":"(C) 2005 - 2012 Open Source Matters. All rights reserved.\\t","authorEmail":"admin@joomla.org","authorUrl":"www.joomla.org","version":"2.5.0","description":"COM_CONFIG_XML_DESCRIPTION","group":""}', '{"filters":{"1":{"filter_type":"BL","filter_tags":"","filter_attributes":""},"6":{"filter_type":"BL","filter_tags":"","filter_attributes":""},"7":{"filter_type":"BL","filter_tags":"","filter_attributes":""},"2":{"filter_type":"BL","filter_tags":"","filter_attributes":""},"3":{"filter_type":"BL","filter_tags":"","filter_attributes":""},"4":{"filter_type":"BL","filter_tags":"","filter_attributes":""},"5":{"filter_type":"BL","filter_tags":"","filter_attributes":""},"8":{"filter_type":"NONE","filter_tags":"","filter_attributes":""}}}', '', '', 0, '0000-00-00 00:00:00', 0, 0),
(24, 'com_redirect', 'component', 'com_redirect', '', 1, 1, 0, 1, '{"legacy":false,"name":"com_redirect","type":"component","creationDate":"April 2006","author":"Joomla! Project","copyright":"(C) 2005 - 2012 Open Source Matters. All rights reserved.\\t","authorEmail":"admin@joomla.org","authorUrl":"www.joomla.org","version":"2.5.0","description":"COM_REDIRECT_XML_DESCRIPTION","group":""}', '{}', '', '', 0, '0000-00-00 00:00:00', 0, 0),
(25, 'com_users', 'component', 'com_users', '', 1, 1, 0, 1, '{"legacy":false,"name":"com_users","type":"component","creationDate":"April 2006","author":"Joomla! Project","copyright":"(C) 2005 - 2012 Open Source Matters. All rights reserved.\\t","authorEmail":"admin@joomla.org","authorUrl":"www.joomla.org","version":"2.5.0","description":"COM_USERS_XML_DESCRIPTION","group":""}', '{"allowUserRegistration":"1","new_usertype":"2","useractivation":"1","frontend_userparams":"1","mailSubjectPrefix":"","mailBodySuffix":""}', '', '', 0, '0000-00-00 00:00:00', 0, 0),
(27, 'com_finder', 'component', 'com_finder', '', 1, 1, 0, 0, '', '{"show_description":"1","description_length":255,"allow_empty_query":"0","show_url":"0","show_autosuggest":"1","show_advanced":"1","expand_advanced":"0","show_date_filters":"0","sort_order":"relevance","sort_direction":"desc","highlight_terms":"1","opensearch_name":"","opensearch_description":"","batch_size":"50","memory_table_limit":30000,"title_multiplier":"1.7","text_multiplier":"0.7","meta_multiplier":"1.2","path_multiplier":"2.0","misc_multiplier":"0.3","stem":"1","stemmer":"porter_en"}', '', '', 0, '0000-00-00 00:00:00', 0, 0),
(28, 'com_joomlaupdate', 'component', 'com_joomlaupdate', '', 1, 1, 0, 1, '{"legacy":false,"name":"com_joomlaupdate","type":"component","creationDate":"February 2012","author":"Joomla! Project","copyright":"(C) 2005 - 2012 Open Source Matters. All rights reserved.","authorEmail":"admin@joomla.org","authorUrl":"www.joomla.org","version":"2.5.2","description":"COM_JOOMLAUPDATE_XML_DESCRIPTION","group":""}', '{}', '', '', 0, '0000-00-00 00:00:00', 0, 0),
(100, 'PHPMailer', 'library', 'phpmailer', '', 0, 1, 1, 1, '{"legacy":false,"name":"PHPMailer","type":"library","creationDate":"2001","author":"PHPMailer","copyright":"(c) 2001-2003, Brent R. Matzelle, (c) 2004-2009, Andy Prevost. All Rights Reserved., (c) 2010-2011, Jim Jagielski. All Rights Reserved.","authorEmail":"jimjag@gmail.com","authorUrl":"https:\\/\\/code.google.com\\/a\\/apache-extras.org\\/p\\/phpmailer\\/","version":"5.2","description":"LIB_PHPMAILER_XML_DESCRIPTION","group":""}', '', '', '', 0, '0000-00-00 00:00:00', 0, 0),
(101, 'SimplePie', 'library', 'simplepie', '', 0, 1, 1, 1, '{"legacy":false,"name":"SimplePie","type":"library","creationDate":"2004","author":"SimplePie","copyright":"Copyright (c) 2004-2009, Ryan Parman and Geoffrey Sneddon","authorEmail":"","authorUrl":"http:\\/\\/simplepie.org\\/","version":"1.2","description":"LIB_SIMPLEPIE_XML_DESCRIPTION","group":""}', '', '', '', 0, '0000-00-00 00:00:00', 0, 0),
(102, 'phputf8', 'library', 'phputf8', '', 0, 1, 1, 1, '{"legacy":false,"name":"phputf8","type":"library","creationDate":"2006","author":"Harry Fuecks","copyright":"Copyright various authors","authorEmail":"hfuecks@gmail.com","authorUrl":"http:\\/\\/sourceforge.net\\/projects\\/phputf8","version":"0.5","description":"LIB_PHPUTF8_XML_DESCRIPTION","group":""}', '', '', '', 0, '0000-00-00 00:00:00', 0, 0),
(103, 'Joomla! Platform', 'library', 'joomla', '', 0, 1, 1, 1, '{"legacy":false,"name":"Joomla! Platform","type":"library","creationDate":"2008","author":"Joomla! Project","copyright":"Copyright (C) 2005 - 2012 Open Source Matters. All rights reserved.","authorEmail":"admin@joomla.org","authorUrl":"http:\\/\\/www.joomla.org","version":"11.4","description":"LIB_JOOMLA_XML_DESCRIPTION","group":""}', '{}', '', '', 0, '0000-00-00 00:00:00', 0, 0),
(200, 'mod_articles_archive', 'module', 'mod_articles_archive', '', 0, 1, 1, 1, '{"legacy":false,"name":"mod_articles_archive","type":"module","creationDate":"July 2006","author":"Joomla! Project","copyright":"Copyright (C) 2005 - 2012 Open Source Matters.\\n\\t\\tAll rights reserved.","authorEmail":"admin@joomla.org","authorUrl":"www.joomla.org","version":"2.5.0","description":"MOD_ARTICLES_ARCHIVE_XML_DESCRIPTION","group":""}', '', '', '', 0, '0000-00-00 00:00:00', 0, 0),
(201, 'mod_articles_latest', 'module', 'mod_articles_latest', '', 0, 1, 1, 1, '{"legacy":false,"name":"mod_articles_latest","type":"module","creationDate":"July 2004","author":"Joomla! Project","copyright":"Copyright (C) 2005 - 2012 Open Source Matters. All rights reserved.","authorEmail":"admin@joomla.org","authorUrl":"www.joomla.org","version":"2.5.0","description":"MOD_LATEST_NEWS_XML_DESCRIPTION","group":""}', '', '', '', 0, '0000-00-00 00:00:00', 0, 0),
(202, 'mod_articles_popular', 'module', 'mod_articles_popular', '', 0, 1, 1, 0, '{"legacy":false,"name":"mod_articles_popular","type":"module","creationDate":"July 2006","author":"Joomla! Project","copyright":"Copyright (C) 2005 - 2012 Open Source Matters. All rights reserved.","authorEmail":"admin@joomla.org","authorUrl":"www.joomla.org","version":"2.5.0","description":"MOD_POPULAR_XML_DESCRIPTION","group":""}', '', '', '', 0, '0000-00-00 00:00:00', 0, 0),
(203, 'mod_banners', 'module', 'mod_banners', '', 0, 1, 1, 1, '{"legacy":false,"name":"mod_banners","type":"module","creationDate":"July 2006","author":"Joomla! Project","copyright":"Copyright (C) 2005 - 2012 Open Source Matters. All rights reserved.","authorEmail":"admin@joomla.org","authorUrl":"www.joomla.org","version":"2.5.0","description":"MOD_BANNERS_XML_DESCRIPTION","group":""}', '', '', '', 0, '0000-00-00 00:00:00', 0, 0),
(204, 'mod_breadcrumbs', 'module', 'mod_breadcrumbs', '', 0, 1, 1, 1, '{"legacy":false,"name":"mod_breadcrumbs","type":"module","creationDate":"July 2006","author":"Joomla! Project","copyright":"Copyright (C) 2005 - 2012 Open Source Matters. All rights reserved.","authorEmail":"admin@joomla.org","authorUrl":"www.joomla.org","version":"2.5.0","description":"MOD_BREADCRUMBS_XML_DESCRIPTION","group":""}', '', '', '', 0, '0000-00-00 00:00:00', 0, 0),
(205, 'mod_custom', 'module', 'mod_custom', '', 0, 1, 1, 1, '{"legacy":false,"name":"mod_custom","type":"module","creationDate":"July 2004","author":"Joomla! Project","copyright":"Copyright (C) 2005 - 2012 Open Source Matters. All rights reserved.","authorEmail":"admin@joomla.org","authorUrl":"www.joomla.org","version":"2.5.0","description":"MOD_CUSTOM_XML_DESCRIPTION","group":""}', '', '', '', 0, '0000-00-00 00:00:00', 0, 0),
(206, 'mod_feed', 'module', 'mod_feed', '', 0, 1, 1, 1, '{"legacy":false,"name":"mod_feed","type":"module","creationDate":"July 2005","author":"Joomla! Project","copyright":"Copyright (C) 2005 - 2012 Open Source Matters. All rights reserved.","authorEmail":"admin@joomla.org","authorUrl":"www.joomla.org","version":"2.5.0","description":"MOD_FEED_XML_DESCRIPTION","group":""}', '', '', '', 0, '0000-00-00 00:00:00', 0, 0),
(207, 'mod_footer', 'module', 'mod_footer', '', 0, 1, 1, 1, '{"legacy":false,"name":"mod_footer","type":"module","creationDate":"July 2006","author":"Joomla! Project","copyright":"Copyright (C) 2005 - 2012 Open Source Matters. All rights reserved.","authorEmail":"admin@joomla.org","authorUrl":"www.joomla.org","version":"2.5.0","description":"MOD_FOOTER_XML_DESCRIPTION","group":""}', '', '', '', 0, '0000-00-00 00:00:00', 0, 0),
(208, 'mod_login', 'module', 'mod_login', '', 0, 1, 1, 1, '{"legacy":false,"name":"mod_login","type":"module","creationDate":"July 2006","author":"Joomla! Project","copyright":"Copyright (C) 2005 - 2012 Open Source Matters. All rights reserved.","authorEmail":"admin@joomla.org","authorUrl":"www.joomla.org","version":"2.5.0","description":"MOD_LOGIN_XML_DESCRIPTION","group":""}', '', '', '', 0, '0000-00-00 00:00:00', 0, 0),
(209, 'mod_menu', 'module', 'mod_menu', '', 0, 1, 1, 1, '{"legacy":false,"name":"mod_menu","type":"module","creationDate":"July 2004","author":"Joomla! Project","copyright":"Copyright (C) 2005 - 2012 Open Source Matters. All rights reserved.","authorEmail":"admin@joomla.org","authorUrl":"www.joomla.org","version":"2.5.0","description":"MOD_MENU_XML_DESCRIPTION","group":""}', '', '', '', 0, '0000-00-00 00:00:00', 0, 0),
(210, 'mod_articles_news', 'module', 'mod_articles_news', '', 0, 1, 1, 0, '{"legacy":false,"name":"mod_articles_news","type":"module","creationDate":"July 2006","author":"Joomla! Project","copyright":"Copyright (C) 2005 - 2012 Open Source Matters. All rights reserved.","authorEmail":"admin@joomla.org","authorUrl":"www.joomla.org","version":"2.5.0","description":"MOD_ARTICLES_NEWS_XML_DESCRIPTION","group":""}', '', '', '', 0, '0000-00-00 00:00:00', 0, 0),
(211, 'mod_random_image', 'module', 'mod_random_image', '', 0, 1, 1, 0, '{"legacy":false,"name":"mod_random_image","type":"module","creationDate":"July 2006","author":"Joomla! Project","copyright":"Copyright (C) 2005 - 2012 Open Source Matters. All rights reserved.","authorEmail":"admin@joomla.org","authorUrl":"www.joomla.org","version":"2.5.0","description":"MOD_RANDOM_IMAGE_XML_DESCRIPTION","group":""}', '', '', '', 0, '0000-00-00 00:00:00', 0, 0),
(212, 'mod_related_items', 'module', 'mod_related_items', '', 0, 1, 1, 0, '{"legacy":false,"name":"mod_related_items","type":"module","creationDate":"July 2004","author":"Joomla! Project","copyright":"Copyright (C) 2005 - 2012 Open Source Matters. All rights reserved.","authorEmail":"admin@joomla.org","authorUrl":"www.joomla.org","version":"2.5.0","description":"MOD_RELATED_XML_DESCRIPTION","group":""}', '', '', '', 0, '0000-00-00 00:00:00', 0, 0),
(213, 'mod_search', 'module', 'mod_search', '', 0, 1, 1, 0, '{"legacy":false,"name":"mod_search","type":"module","creationDate":"July 2004","author":"Joomla! Project","copyright":"Copyright (C) 2005 - 2012 Open Source Matters. All rights reserved.","authorEmail":"admin@joomla.org","authorUrl":"www.joomla.org","version":"2.5.0","description":"MOD_SEARCH_XML_DESCRIPTION","group":""}', '', '', '', 0, '0000-00-00 00:00:00', 0, 0),
(214, 'mod_stats', 'module', 'mod_stats', '', 0, 1, 1, 0, '{"legacy":false,"name":"mod_stats","type":"module","creationDate":"July 2004","author":"Joomla! Project","copyright":"Copyright (C) 2005 - 2012 Open Source Matters. All rights reserved.","authorEmail":"admin@joomla.org","authorUrl":"www.joomla.org","version":"2.5.0","description":"MOD_STATS_XML_DESCRIPTION","group":""}', '', '', '', 0, '0000-00-00 00:00:00', 0, 0),
(215, 'mod_syndicate', 'module', 'mod_syndicate', '', 0, 1, 1, 1, '{"legacy":false,"name":"mod_syndicate","type":"module","creationDate":"May 2006","author":"Joomla! Project","copyright":"Copyright (C) 2005 - 2012 Open Source Matters. All rights reserved.","authorEmail":"admin@joomla.org","authorUrl":"www.joomla.org","version":"2.5.0","description":"MOD_SYNDICATE_XML_DESCRIPTION","group":""}', '', '', '', 0, '0000-00-00 00:00:00', 0, 0),
(216, 'mod_users_latest', 'module', 'mod_users_latest', '', 0, 1, 1, 1, '{"legacy":false,"name":"mod_users_latest","type":"module","creationDate":"December 2009","author":"Joomla! Project","copyright":"Copyright (C) 2005 - 2012 Open Source Matters. All rights reserved.","authorEmail":"admin@joomla.org","authorUrl":"www.joomla.org","version":"2.5.0","description":"MOD_USERS_LATEST_XML_DESCRIPTION","group":""}', '', '', '', 0, '0000-00-00 00:00:00', 0, 0),
(217, 'mod_weblinks', 'module', 'mod_weblinks', '', 0, 1, 1, 0, '{"legacy":false,"name":"mod_weblinks","type":"module","creationDate":"July 2009","author":"Joomla! Project","copyright":"Copyright (C) 2005 - 2012 Open Source Matters. All rights reserved.","authorEmail":"admin@joomla.org","authorUrl":"www.joomla.org","version":"2.5.0","description":"MOD_WEBLINKS_XML_DESCRIPTION","group":""}', '', '', '', 0, '0000-00-00 00:00:00', 0, 0),
(218, 'mod_whosonline', 'module', 'mod_whosonline', '', 0, 1, 1, 0, '{"legacy":false,"name":"mod_whosonline","type":"module","creationDate":"July 2004","author":"Joomla! Project","copyright":"Copyright (C) 2005 - 2012 Open Source Matters. All rights reserved.","authorEmail":"admin@joomla.org","authorUrl":"www.joomla.org","version":"2.5.0","description":"MOD_WHOSONLINE_XML_DESCRIPTION","group":""}', '', '', '', 0, '0000-00-00 00:00:00', 0, 0),
(219, 'mod_wrapper', 'module', 'mod_wrapper', '', 0, 1, 1, 0, '{"legacy":false,"name":"mod_wrapper","type":"module","creationDate":"October 2004","author":"Joomla! Project","copyright":"Copyright (C) 2005 - 2012 Open Source Matters. All rights reserved.","authorEmail":"admin@joomla.org","authorUrl":"www.joomla.org","version":"2.5.0","description":"MOD_WRAPPER_XML_DESCRIPTION","group":""}', '', '', '', 0, '0000-00-00 00:00:00', 0, 0),
(220, 'mod_articles_category', 'module', 'mod_articles_category', '', 0, 1, 1, 1, '{"legacy":false,"name":"mod_articles_category","type":"module","creationDate":"February 2010","author":"Joomla! Project","copyright":"Copyright (C) 2005 - 2012 Open Source Matters. All rights reserved.","authorEmail":"admin@joomla.org","authorUrl":"www.joomla.org","version":"2.5.0","description":"MOD_ARTICLES_CATEGORY_XML_DESCRIPTION","group":""}', '', '', '', 0, '0000-00-00 00:00:00', 0, 0),
(221, 'mod_articles_categories', 'module', 'mod_articles_categories', '', 0, 1, 1, 1, '{"legacy":false,"name":"mod_articles_categories","type":"module","creationDate":"February 2010","author":"Joomla! Project","copyright":"Copyright (C) 2005 - 2012 Open Source Matters. All rights reserved.","authorEmail":"admin@joomla.org","authorUrl":"www.joomla.org","version":"2.5.0","description":"MOD_ARTICLES_CATEGORIES_XML_DESCRIPTION","group":""}', '', '', '', 0, '0000-00-00 00:00:00', 0, 0),
(222, 'mod_languages', 'module', 'mod_languages', '', 0, 1, 1, 1, '{"legacy":false,"name":"mod_languages","type":"module","creationDate":"February 2010","author":"Joomla! Project","copyright":"Copyright (C) 2005 - 2012 Open Source Matters. All rights reserved.","authorEmail":"admin@joomla.org","authorUrl":"www.joomla.org","version":"2.5.0","description":"MOD_LANGUAGES_XML_DESCRIPTION","group":""}', '', '', '', 0, '0000-00-00 00:00:00', 0, 0),
(223, 'mod_finder', 'module', 'mod_finder', '', 0, 1, 0, 0, '', '', '', '', 0, '0000-00-00 00:00:00', 0, 0),
(300, 'mod_custom', 'module', 'mod_custom', '', 1, 1, 1, 1, '{"legacy":false,"name":"mod_custom","type":"module","creationDate":"July 2004","author":"Joomla! Project","copyright":"Copyright (C) 2005 - 2012 Open Source Matters. All rights reserved.","authorEmail":"admin@joomla.org","authorUrl":"www.joomla.org","version":"2.5.0","description":"MOD_CUSTOM_XML_DESCRIPTION","group":""}', '', '', '', 0, '0000-00-00 00:00:00', 0, 0),
(301, 'mod_feed', 'module', 'mod_feed', '', 1, 1, 1, 0, '{"legacy":false,"name":"mod_feed","type":"module","creationDate":"July 2005","author":"Joomla! Project","copyright":"Copyright (C) 2005 - 2012 Open Source Matters. All rights reserved.","authorEmail":"admin@joomla.org","authorUrl":"www.joomla.org","version":"2.5.0","description":"MOD_FEED_XML_DESCRIPTION","group":""}', '', '', '', 0, '0000-00-00 00:00:00', 0, 0),
(302, 'mod_latest', 'module', 'mod_latest', '', 1, 1, 1, 0, '{"legacy":false,"name":"mod_latest","type":"module","creationDate":"July 2004","author":"Joomla! Project","copyright":"Copyright (C) 2005 - 2012 Open Source Matters. All rights reserved.","authorEmail":"admin@joomla.org","authorUrl":"www.joomla.org","version":"2.5.0","description":"MOD_LATEST_XML_DESCRIPTION","group":""}', '', '', '', 0, '0000-00-00 00:00:00', 0, 0),
(303, 'mod_logged', 'module', 'mod_logged', '', 1, 1, 1, 0, '{"legacy":false,"name":"mod_logged","type":"module","creationDate":"January 2005","author":"Joomla! Project","copyright":"Copyright (C) 2005 - 2012 Open Source Matters. All rights reserved.","authorEmail":"admin@joomla.org","authorUrl":"www.joomla.org","version":"2.5.0","description":"MOD_LOGGED_XML_DESCRIPTION","group":""}', '', '', '', 0, '0000-00-00 00:00:00', 0, 0),
(304, 'mod_login', 'module', 'mod_login', '', 1, 1, 1, 1, '{"legacy":false,"name":"mod_login","type":"module","creationDate":"March 2005","author":"Joomla! Project","copyright":"Copyright (C) 2005 - 2012 Open Source Matters. All rights reserved.","authorEmail":"admin@joomla.org","authorUrl":"www.joomla.org","version":"2.5.0","description":"MOD_LOGIN_XML_DESCRIPTION","group":""}', '', '', '', 0, '0000-00-00 00:00:00', 0, 0),
(305, 'mod_menu', 'module', 'mod_menu', '', 1, 1, 1, 0, '{"legacy":false,"name":"mod_menu","type":"module","creationDate":"March 2006","author":"Joomla! Project","copyright":"Copyright (C) 2005 - 2012 Open Source Matters. All rights reserved.","authorEmail":"admin@joomla.org","authorUrl":"www.joomla.org","version":"2.5.0","description":"MOD_MENU_XML_DESCRIPTION","group":""}', '', '', '', 0, '0000-00-00 00:00:00', 0, 0),
(306, 'mod_online', 'module', 'mod_online', '', 1, 1, 1, 0, '', '', '', '', 0, '0000-00-00 00:00:00', 0, 0),
(307, 'mod_popular', 'module', 'mod_popular', '', 1, 1, 1, 0, '{"legacy":false,"name":"mod_popular","type":"module","creationDate":"July 2004","author":"Joomla! Project","copyright":"Copyright (C) 2005 - 2012 Open Source Matters. All rights reserved.","authorEmail":"admin@joomla.org","authorUrl":"www.joomla.org","version":"2.5.0","description":"MOD_POPULAR_XML_DESCRIPTION","group":""}', '', '', '', 0, '0000-00-00 00:00:00', 0, 0),
(308, 'mod_quickicon', 'module', 'mod_quickicon', '', 1, 1, 1, 1, '{"legacy":false,"name":"mod_quickicon","type":"module","creationDate":"Nov 2005","author":"Joomla! Project","copyright":"Copyright (C) 2005 - 2012 Open Source Matters. All rights reserved.","authorEmail":"admin@joomla.org","authorUrl":"www.joomla.org","version":"2.5.0","description":"MOD_QUICKICON_XML_DESCRIPTION","group":""}', '', '', '', 0, '0000-00-00 00:00:00', 0, 0),
(309, 'mod_status', 'module', 'mod_status', '', 1, 1, 1, 0, '{"legacy":false,"name":"mod_status","type":"module","creationDate":"Feb 2006","author":"Joomla! Project","copyright":"(C) 2005 - 2012 Open Source Matters. All rights reserved.","authorEmail":"admin@joomla.org","authorUrl":"www.joomla.org","version":"2.5.0","description":"MOD_STATUS_XML_DESCRIPTION","group":""}', '', '', '', 0, '0000-00-00 00:00:00', 0, 0),
(310, 'mod_submenu', 'module', 'mod_submenu', '', 1, 1, 1, 0, '{"legacy":false,"name":"mod_submenu","type":"module","creationDate":"Feb 2006","author":"Joomla! Project","copyright":"Copyright (C) 2005 - 2012 Open Source Matters. All rights reserved.","authorEmail":"admin@joomla.org","authorUrl":"www.joomla.org","version":"2.5.0","description":"MOD_SUBMENU_XML_DESCRIPTION","group":""}', '', '', '', 0, '0000-00-00 00:00:00', 0, 0),
(311, 'mod_title', 'module', 'mod_title', '', 1, 1, 1, 0, '{"legacy":false,"name":"mod_title","type":"module","creationDate":"Nov 2005","author":"Joomla! Project","copyright":"Copyright (C) 2005 - 2012 Open Source Matters. All rights reserved.","authorEmail":"admin@joomla.org","authorUrl":"www.joomla.org","version":"2.5.0","description":"MOD_TITLE_XML_DESCRIPTION","group":""}', '', '', '', 0, '0000-00-00 00:00:00', 0, 0),
(312, 'mod_toolbar', 'module', 'mod_toolbar', '', 1, 1, 1, 1, '{"legacy":false,"name":"mod_toolbar","type":"module","creationDate":"Nov 2005","author":"Joomla! Project","copyright":"Copyright (C) 2005 - 2012 Open Source Matters. All rights reserved.","authorEmail":"admin@joomla.org","authorUrl":"www.joomla.org","version":"2.5.0","description":"MOD_TOOLBAR_XML_DESCRIPTION","group":""}', '', '', '', 0, '0000-00-00 00:00:00', 0, 0),
(313, 'mod_multilangstatus', 'module', 'mod_multilangstatus', '', 1, 1, 1, 0, '{"legacy":false,"name":"mod_multilangstatus","type":"module","creationDate":"September 2011","author":"Joomla! Project","copyright":"Copyright (C) 2005 - 2012 Open Source Matters. All rights reserved.","authorEmail":"admin@joomla.org","authorUrl":"www.joomla.org","version":"2.5.0","description":"MOD_MULTILANGSTATUS_XML_DESCRIPTION","group":""}', '{"cache":"0"}', '', '', 0, '0000-00-00 00:00:00', 0, 0),
(314, 'mod_version', 'module', 'mod_version', '', 1, 1, 1, 0, '{"legacy":false,"name":"mod_version","type":"module","creationDate":"January 2012","author":"Joomla! Project","copyright":"Copyright (C) 2005 - 2012 Open Source Matters. All rights reserved.","authorEmail":"admin@joomla.org","authorUrl":"www.joomla.org","version":"2.5.0","description":"MOD_VERSION_XML_DESCRIPTION","group":""}', '{"format":"short","product":"1","cache":"0"}', '', '', 0, '0000-00-00 00:00:00', 0, 0),
(400, 'plg_authentication_gmail', 'plugin', 'gmail', 'authentication', 0, 0, 1, 0, '{"legacy":false,"name":"plg_authentication_gmail","type":"plugin","creationDate":"February 2006","author":"Joomla! Project","copyright":"Copyright (C) 2005 - 2012 Open Source Matters. All rights reserved.","authorEmail":"admin@joomla.org","authorUrl":"www.joomla.org","version":"2.5.0","description":"PLG_GMAIL_XML_DESCRIPTION","group":""}', '{"applysuffix":"0","suffix":"","verifypeer":"1","user_blacklist":""}', '', '', 0, '0000-00-00 00:00:00', 1, 0),
(401, 'plg_authentication_joomla', 'plugin', 'joomla', 'authentication', 0, 1, 1, 1, '{"legacy":false,"name":"plg_authentication_joomla","type":"plugin","creationDate":"November 2005","author":"Joomla! Project","copyright":"Copyright (C) 2005 - 2012 Open Source Matters. All rights reserved.","authorEmail":"admin@joomla.org","authorUrl":"www.joomla.org","version":"2.5.0","description":"PLG_AUTH_JOOMLA_XML_DESCRIPTION","group":""}', '{}', '', '', 0, '0000-00-00 00:00:00', 0, 0),
(402, 'plg_authentication_ldap', 'plugin', 'ldap', 'authentication', 0, 0, 1, 0, '{"legacy":false,"name":"plg_authentication_ldap","type":"plugin","creationDate":"November 2005","author":"Joomla! Project","copyright":"Copyright (C) 2005 - 2012 Open Source Matters. All rights reserved.","authorEmail":"admin@joomla.org","authorUrl":"www.joomla.org","version":"2.5.0","description":"PLG_LDAP_XML_DESCRIPTION","group":""}', '{"host":"","port":"389","use_ldapV3":"0","negotiate_tls":"0","no_referrals":"0","auth_method":"bind","base_dn":"","search_string":"","users_dn":"","username":"admin","password":"bobby7","ldap_fullname":"fullName","ldap_email":"mail","ldap_uid":"uid"}', '', '', 0, '0000-00-00 00:00:00', 3, 0),
(404, 'plg_content_emailcloak', 'plugin', 'emailcloak', 'content', 0, 1, 1, 0, '{"legacy":false,"name":"plg_content_emailcloak","type":"plugin","creationDate":"November 2005","author":"Joomla! Project","copyright":"Copyright (C) 2005 - 2012 Open Source Matters. All rights reserved.","authorEmail":"admin@joomla.org","authorUrl":"www.joomla.org","version":"2.5.0","description":"PLG_CONTENT_EMAILCLOAK_XML_DESCRIPTION","group":""}', '{"mode":"1"}', '', '', 0, '0000-00-00 00:00:00', 1, 0),
(405, 'plg_content_geshi', 'plugin', 'geshi', 'content', 0, 0, 1, 0, '{"legacy":false,"name":"plg_content_geshi","type":"plugin","creationDate":"November 2005","author":"Joomla! Project","copyright":"Copyright (C) 2005 - 2012 Open Source Matters. All rights reserved.","authorEmail":"","authorUrl":"qbnz.com\\/highlighter","version":"2.5.0","description":"PLG_CONTENT_GESHI_XML_DESCRIPTION","group":""}', '{}', '', '', 0, '0000-00-00 00:00:00', 2, 0),
(406, 'plg_content_loadmodule', 'plugin', 'loadmodule', 'content', 0, 1, 1, 0, '{"legacy":false,"name":"plg_content_loadmodule","type":"plugin","creationDate":"November 2005","author":"Joomla! Project","copyright":"Copyright (C) 2005 - 2012 Open Source Matters. All rights reserved.","authorEmail":"admin@joomla.org","authorUrl":"www.joomla.org","version":"2.5.0","description":"PLG_LOADMODULE_XML_DESCRIPTION","group":""}', '{"style":"none"}', '', '', 0, '0000-00-00 00:00:00', 0, 0),
(407, 'plg_content_pagebreak', 'plugin', 'pagebreak', 'content', 0, 1, 1, 1, '{"legacy":false,"name":"plg_content_pagebreak","type":"plugin","creationDate":"November 2005","author":"Joomla! Project","copyright":"Copyright (C) 2005 - 2012 Open Source Matters. All rights reserved.","authorEmail":"admin@joomla.org","authorUrl":"www.joomla.org","version":"2.5.0","description":"PLG_CONTENT_PAGEBREAK_XML_DESCRIPTION","group":""}', '{"title":"1","multipage_toc":"1","showall":"1"}', '', '', 0, '0000-00-00 00:00:00', 4, 0),
(408, 'plg_content_pagenavigation', 'plugin', 'pagenavigation', 'content', 0, 0, 1, 1, '{"legacy":false,"name":"plg_content_pagenavigation","type":"plugin","creationDate":"January 2006","author":"Joomla! Project","copyright":"Copyright (C) 2005 - 2012 Open Source Matters. All rights reserved.","authorEmail":"admin@joomla.org","authorUrl":"www.joomla.org","version":"2.5.0","description":"PLG_PAGENAVIGATION_XML_DESCRIPTION","group":""}', '{"position":"1"}', '', '', 0, '0000-00-00 00:00:00', 5, 0),
(409, 'plg_content_vote', 'plugin', 'vote', 'content', 0, 1, 1, 1, '{"legacy":false,"name":"plg_content_vote","type":"plugin","creationDate":"November 2005","author":"Joomla! Project","copyright":"Copyright (C) 2005 - 2012 Open Source Matters. All rights reserved.","authorEmail":"admin@joomla.org","authorUrl":"www.joomla.org","version":"2.5.0","description":"PLG_VOTE_XML_DESCRIPTION","group":""}', '{}', '', '', 0, '0000-00-00 00:00:00', 6, 0),
(410, 'plg_editors_codemirror', 'plugin', 'codemirror', 'editors', 0, 1, 1, 1, '{"legacy":false,"name":"plg_editors_codemirror","type":"plugin","creationDate":"28 March 2011","author":"Marijn Haverbeke","copyright":"","authorEmail":"N\\/A","authorUrl":"","version":"1.0","description":"PLG_CODEMIRROR_XML_DESCRIPTION","group":""}', '{"linenumbers":"0","tabmode":"indent"}', '', '', 0, '0000-00-00 00:00:00', 1, 0),
(411, 'plg_editors_none', 'plugin', 'none', 'editors', 0, 1, 1, 1, '{"legacy":false,"name":"plg_editors_none","type":"plugin","creationDate":"August 2004","author":"Unknown","copyright":"","authorEmail":"N\\/A","authorUrl":"","version":"2.5.0","description":"PLG_NONE_XML_DESCRIPTION","group":""}', '{}', '', '', 0, '0000-00-00 00:00:00', 2, 0),
(412, 'plg_editors_tinymce', 'plugin', 'tinymce', 'editors', 0, 1, 1, 1, '{"legacy":false,"name":"plg_editors_tinymce","type":"plugin","creationDate":"2005-2012","author":"Moxiecode Systems AB","copyright":"Moxiecode Systems AB","authorEmail":"N\\/A","authorUrl":"tinymce.moxiecode.com\\/","version":"3.5.2","description":"PLG_TINY_XML_DESCRIPTION","group":""}', '{"mode":"1","skin":"0","compressed":"0","cleanup_startup":"0","cleanup_save":"2","entity_encoding":"raw","lang_mode":"0","lang_code":"en","text_direction":"ltr","content_css":"1","content_css_custom":"","relative_urls":"1","newlines":"0","invalid_elements":"script,applet,iframe","extended_elements":",@[data-lightbox],@[data-spotlight],@[data-lightbox],@[data-spotlight],@[data-lightbox],@[data-spotlight],@[data-lightbox],@[data-spotlight],@[data-lightbox],@[data-spotlight],@[data-lightbox],@[data-spotlight],@[data-lightbox],@[data-spotlight],@[data-lightbox],@[data-spotlight],@[data-lightbox],@[data-spotlight],@[data-lightbox],@[data-spotlight],@[data-lightbox],@[data-spotlight],@[data-lightbox],@[data-spotlight],@[data-lightbox],@[data-spotlight],@[data-lightbox],@[data-spotlight],@[data-lightbox],@[data-spotlight],@[data-lightbox],@[data-spotlight],@[data-lightbox],@[data-spotlight],@[data-lightbox],@[data-spotlight],@[data-lightbox],@[data-spotlight],@[data-lightbox],@[data-spotlight]","toolbar":"top","toolbar_align":"left","html_height":"550","html_width":"750","element_path":"1","fonts":"1","paste":"1","searchreplace":"1","insertdate":"1","format_date":"%Y-%m-%d","inserttime":"1","format_time":"%H:%M:%S","colors":"1","table":"1","smilies":"1","media":"1","hr":"1","directionality":"1","fullscreen":"1","style":"1","layer":"1","xhtmlxtras":"1","visualchars":"1","nonbreaking":"1","template":"1","blockquote":"1","wordcount":"1","advimage":"1","advlink":"1","autosave":"1","contextmenu":"1","inlinepopups":"1","safari":"0","custom_plugin":"","custom_button":""}', '', '', 0, '0000-00-00 00:00:00', 3, 0),
(413, 'plg_editors-xtd_article', 'plugin', 'article', 'editors-xtd', 0, 1, 1, 1, '{"legacy":false,"name":"plg_editors-xtd_article","type":"plugin","creationDate":"October 2009","author":"Joomla! Project","copyright":"Copyright (C) 2005 - 2012 Open Source Matters. All rights reserved.","authorEmail":"admin@joomla.org","authorUrl":"www.joomla.org","version":"2.5.0","description":"PLG_ARTICLE_XML_DESCRIPTION","group":""}', '{}', '', '', 0, '0000-00-00 00:00:00', 1, 0),
(414, 'plg_editors-xtd_image', 'plugin', 'image', 'editors-xtd', 0, 1, 1, 0, '{"legacy":false,"name":"plg_editors-xtd_image","type":"plugin","creationDate":"August 2004","author":"Joomla! Project","copyright":"Copyright (C) 2005 - 2012 Open Source Matters. All rights reserved.","authorEmail":"admin@joomla.org","authorUrl":"www.joomla.org","version":"2.5.0","description":"PLG_IMAGE_XML_DESCRIPTION","group":""}', '{}', '', '', 0, '0000-00-00 00:00:00', 2, 0),
(415, 'plg_editors-xtd_pagebreak', 'plugin', 'pagebreak', 'editors-xtd', 0, 1, 1, 0, '{"legacy":false,"name":"plg_editors-xtd_pagebreak","type":"plugin","creationDate":"August 2004","author":"Joomla! Project","copyright":"Copyright (C) 2005 - 2012 Open Source Matters. All rights reserved.","authorEmail":"admin@joomla.org","authorUrl":"www.joomla.org","version":"2.5.0","description":"PLG_EDITORSXTD_PAGEBREAK_XML_DESCRIPTION","group":""}', '{}', '', '', 0, '0000-00-00 00:00:00', 3, 0),
(416, 'plg_editors-xtd_readmore', 'plugin', 'readmore', 'editors-xtd', 0, 1, 1, 0, '{"legacy":false,"name":"plg_editors-xtd_readmore","type":"plugin","creationDate":"March 2006","author":"Joomla! Project","copyright":"Copyright (C) 2005 - 2012 Open Source Matters. All rights reserved.","authorEmail":"admin@joomla.org","authorUrl":"www.joomla.org","version":"2.5.0","description":"PLG_READMORE_XML_DESCRIPTION","group":""}', '{}', '', '', 0, '0000-00-00 00:00:00', 4, 0),
(417, 'plg_search_categories', 'plugin', 'categories', 'search', 0, 1, 1, 0, '{"legacy":false,"name":"plg_search_categories","type":"plugin","creationDate":"November 2005","author":"Joomla! Project","copyright":"Copyright (C) 2005 - 2012 Open Source Matters. All rights reserved.","authorEmail":"admin@joomla.org","authorUrl":"www.joomla.org","version":"2.5.0","description":"PLG_SEARCH_CATEGORIES_XML_DESCRIPTION","group":""}', '{"search_limit":"50","search_content":"1","search_archived":"1"}', '', '', 0, '0000-00-00 00:00:00', 0, 0),
(418, 'plg_search_contacts', 'plugin', 'contacts', 'search', 0, 1, 1, 0, '{"legacy":false,"name":"plg_search_contacts","type":"plugin","creationDate":"November 2005","author":"Joomla! Project","copyright":"Copyright (C) 2005 - 2012 Open Source Matters. All rights reserved.","authorEmail":"admin@joomla.org","authorUrl":"www.joomla.org","version":"2.5.0","description":"PLG_SEARCH_CONTACTS_XML_DESCRIPTION","group":""}', '{"search_limit":"50","search_content":"1","search_archived":"1"}', '', '', 0, '0000-00-00 00:00:00', 0, 0),
(419, 'plg_search_content', 'plugin', 'content', 'search', 0, 1, 1, 0, '{"legacy":false,"name":"plg_search_content","type":"plugin","creationDate":"November 2005","author":"Joomla! Project","copyright":"Copyright (C) 2005 - 2012 Open Source Matters. All rights reserved.","authorEmail":"admin@joomla.org","authorUrl":"www.joomla.org","version":"2.5.0","description":"PLG_SEARCH_CONTENT_XML_DESCRIPTION","group":""}', '{"search_limit":"50","search_content":"1","search_archived":"1"}', '', '', 0, '0000-00-00 00:00:00', 0, 0),
(420, 'plg_search_newsfeeds', 'plugin', 'newsfeeds', 'search', 0, 1, 1, 0, '{"legacy":false,"name":"plg_search_newsfeeds","type":"plugin","creationDate":"November 2005","author":"Joomla! Project","copyright":"Copyright (C) 2005 - 2012 Open Source Matters. All rights reserved.","authorEmail":"admin@joomla.org","authorUrl":"www.joomla.org","version":"2.5.0","description":"PLG_SEARCH_NEWSFEEDS_XML_DESCRIPTION","group":""}', '{"search_limit":"50","search_content":"1","search_archived":"1"}', '', '', 0, '0000-00-00 00:00:00', 0, 0),
(421, 'plg_search_weblinks', 'plugin', 'weblinks', 'search', 0, 1, 1, 0, '{"legacy":false,"name":"plg_search_weblinks","type":"plugin","creationDate":"November 2005","author":"Joomla! Project","copyright":"Copyright (C) 2005 - 2012 Open Source Matters. All rights reserved.","authorEmail":"admin@joomla.org","authorUrl":"www.joomla.org","version":"2.5.0","description":"PLG_SEARCH_WEBLINKS_XML_DESCRIPTION","group":""}', '{"search_limit":"50","search_content":"1","search_archived":"1"}', '', '', 0, '0000-00-00 00:00:00', 0, 0),
(422, 'plg_system_languagefilter', 'plugin', 'languagefilter', 'system', 0, 0, 1, 1, '{"legacy":false,"name":"plg_system_languagefilter","type":"plugin","creationDate":"July 2010","author":"Joomla! Project","copyright":"Copyright (C) 2005 - 2012 Open Source Matters. All rights reserved.","authorEmail":"admin@joomla.org","authorUrl":"www.joomla.org","version":"2.5.0","description":"PLG_SYSTEM_LANGUAGEFILTER_XML_DESCRIPTION","group":""}', '{}', '', '', 0, '0000-00-00 00:00:00', 1, 0),
(423, 'plg_system_p3p', 'plugin', 'p3p', 'system', 0, 1, 1, 1, '{"legacy":false,"name":"plg_system_p3p","type":"plugin","creationDate":"September 2010","author":"Joomla! Project","copyright":"Copyright (C) 2005 - 2012 Open Source Matters. All rights reserved.","authorEmail":"admin@joomla.org","authorUrl":"www.joomla.org","version":"2.5.0","description":"PLG_P3P_XML_DESCRIPTION","group":""}', '{"headers":"NOI ADM DEV PSAi COM NAV OUR OTRo STP IND DEM"}', '', '', 0, '0000-00-00 00:00:00', 2, 0),
(424, 'plg_system_cache', 'plugin', 'cache', 'system', 0, 0, 1, 1, '{"legacy":false,"name":"plg_system_cache","type":"plugin","creationDate":"February 2007","author":"Joomla! Project","copyright":"Copyright (C) 2005 - 2012 Open Source Matters. All rights reserved.","authorEmail":"admin@joomla.org","authorUrl":"www.joomla.org","version":"2.5.0","description":"PLG_CACHE_XML_DESCRIPTION","group":""}', '{"browsercache":"0","cachetime":"15"}', '', '', 0, '0000-00-00 00:00:00', 9, 0),
(425, 'plg_system_debug', 'plugin', 'debug', 'system', 0, 1, 1, 0, '{"legacy":false,"name":"plg_system_debug","type":"plugin","creationDate":"December 2006","author":"Joomla! Project","copyright":"Copyright (C) 2005 - 2012 Open Source Matters. All rights reserved.","authorEmail":"admin@joomla.org","authorUrl":"www.joomla.org","version":"2.5.0","description":"PLG_DEBUG_XML_DESCRIPTION","group":""}', '{"profile":"1","queries":"1","memory":"1","language_files":"1","language_strings":"1","strip-first":"1","strip-prefix":"","strip-suffix":""}', '', '', 0, '0000-00-00 00:00:00', 4, 0);
INSERT INTO `pjyu3_extensions` (`extension_id`, `name`, `type`, `element`, `folder`, `client_id`, `enabled`, `access`, `protected`, `manifest_cache`, `params`, `custom_data`, `system_data`, `checked_out`, `checked_out_time`, `ordering`, `state`) VALUES
(426, 'plg_system_log', 'plugin', 'log', 'system', 0, 1, 1, 1, '{"legacy":false,"name":"plg_system_log","type":"plugin","creationDate":"April 2007","author":"Joomla! Project","copyright":"Copyright (C) 2005 - 2012 Open Source Matters. All rights reserved.","authorEmail":"admin@joomla.org","authorUrl":"www.joomla.org","version":"2.5.0","description":"PLG_LOG_XML_DESCRIPTION","group":""}', '{}', '', '', 0, '0000-00-00 00:00:00', 5, 0),
(427, 'plg_system_redirect', 'plugin', 'redirect', 'system', 0, 1, 1, 1, '{"legacy":false,"name":"plg_system_redirect","type":"plugin","creationDate":"April 2009","author":"Joomla! Project","copyright":"Copyright (C) 2005 - 2012 Open Source Matters. All rights reserved.","authorEmail":"admin@joomla.org","authorUrl":"www.joomla.org","version":"2.5.0","description":"PLG_REDIRECT_XML_DESCRIPTION","group":""}', '{}', '', '', 0, '0000-00-00 00:00:00', 6, 0),
(428, 'plg_system_remember', 'plugin', 'remember', 'system', 0, 1, 1, 1, '{"legacy":false,"name":"plg_system_remember","type":"plugin","creationDate":"April 2007","author":"Joomla! Project","copyright":"Copyright (C) 2005 - 2012 Open Source Matters. All rights reserved.","authorEmail":"admin@joomla.org","authorUrl":"www.joomla.org","version":"2.5.0","description":"PLG_REMEMBER_XML_DESCRIPTION","group":""}', '{}', '', '', 0, '0000-00-00 00:00:00', 7, 0),
(429, 'plg_system_sef', 'plugin', 'sef', 'system', 0, 1, 1, 0, '{"legacy":false,"name":"plg_system_sef","type":"plugin","creationDate":"December 2007","author":"Joomla! Project","copyright":"Copyright (C) 2005 - 2012 Open Source Matters. All rights reserved.","authorEmail":"admin@joomla.org","authorUrl":"www.joomla.org","version":"2.5.0","description":"PLG_SEF_XML_DESCRIPTION","group":""}', '{}', '', '', 0, '0000-00-00 00:00:00', 8, 0),
(430, 'plg_system_logout', 'plugin', 'logout', 'system', 0, 1, 1, 1, '{"legacy":false,"name":"plg_system_logout","type":"plugin","creationDate":"April 2009","author":"Joomla! Project","copyright":"Copyright (C) 2005 - 2012 Open Source Matters. All rights reserved.","authorEmail":"admin@joomla.org","authorUrl":"www.joomla.org","version":"2.5.0","description":"PLG_SYSTEM_LOGOUT_XML_DESCRIPTION","group":""}', '{}', '', '', 0, '0000-00-00 00:00:00', 3, 0),
(431, 'plg_user_contactcreator', 'plugin', 'contactcreator', 'user', 0, 0, 1, 1, '{"legacy":false,"name":"plg_user_contactcreator","type":"plugin","creationDate":"August 2009","author":"Joomla! Project","copyright":"(C) 2005 - 2012 Open Source Matters. All rights reserved.","authorEmail":"admin@joomla.org","authorUrl":"www.joomla.org","version":"2.5.0","description":"PLG_CONTACTCREATOR_XML_DESCRIPTION","group":""}', '{"autowebpage":"","category":"34","autopublish":"0"}', '', '', 0, '0000-00-00 00:00:00', 1, 0),
(432, 'plg_user_joomla', 'plugin', 'joomla', 'user', 0, 1, 1, 0, '{"legacy":false,"name":"plg_user_joomla","type":"plugin","creationDate":"December 2006","author":"Joomla! Project","copyright":"(C) 2005 - 2009 Open Source Matters. All rights reserved.","authorEmail":"admin@joomla.org","authorUrl":"www.joomla.org","version":"2.5.0","description":"PLG_USER_JOOMLA_XML_DESCRIPTION","group":""}', '{"autoregister":"1"}', '', '', 0, '0000-00-00 00:00:00', 2, 0),
(433, 'plg_user_profile', 'plugin', 'profile', 'user', 0, 0, 1, 1, '{"legacy":false,"name":"plg_user_profile","type":"plugin","creationDate":"January 2008","author":"Joomla! Project","copyright":"(C) 2005 - 2012 Open Source Matters. All rights reserved.","authorEmail":"admin@joomla.org","authorUrl":"www.joomla.org","version":"2.5.0","description":"PLG_USER_PROFILE_XML_DESCRIPTION","group":""}', '{"register-require_address1":"1","register-require_address2":"1","register-require_city":"1","register-require_region":"1","register-require_country":"1","register-require_postal_code":"1","register-require_phone":"1","register-require_website":"1","register-require_favoritebook":"1","register-require_aboutme":"1","register-require_tos":"1","register-require_dob":"1","profile-require_address1":"1","profile-require_address2":"1","profile-require_city":"1","profile-require_region":"1","profile-require_country":"1","profile-require_postal_code":"1","profile-require_phone":"1","profile-require_website":"1","profile-require_favoritebook":"1","profile-require_aboutme":"1","profile-require_tos":"1","profile-require_dob":"1"}', '', '', 0, '0000-00-00 00:00:00', 0, 0),
(434, 'plg_extension_joomla', 'plugin', 'joomla', 'extension', 0, 1, 1, 1, '{"legacy":false,"name":"plg_extension_joomla","type":"plugin","creationDate":"May 2010","author":"Joomla! Project","copyright":"Copyright (C) 2005 - 2012 Open Source Matters. All rights reserved.","authorEmail":"admin@joomla.org","authorUrl":"www.joomla.org","version":"2.5.0","description":"PLG_EXTENSION_JOOMLA_XML_DESCRIPTION","group":""}', '{}', '', '', 0, '0000-00-00 00:00:00', 1, 0),
(435, 'plg_content_joomla', 'plugin', 'joomla', 'content', 0, 1, 1, 0, '{"legacy":false,"name":"plg_content_joomla","type":"plugin","creationDate":"November 2010","author":"Joomla! Project","copyright":"Copyright (C) 2005 - 2012 Open Source Matters. All rights reserved.","authorEmail":"admin@joomla.org","authorUrl":"www.joomla.org","version":"2.5.0","description":"PLG_CONTENT_JOOMLA_XML_DESCRIPTION","group":""}', '{}', '', '', 0, '0000-00-00 00:00:00', 0, 0),
(436, 'plg_system_languagecode', 'plugin', 'languagecode', 'system', 0, 0, 1, 0, '{"legacy":false,"name":"plg_system_languagecode","type":"plugin","creationDate":"November 2011","author":"Joomla! Project","copyright":"Copyright (C) 2005 - 2012 Open Source Matters. All rights reserved.","authorEmail":"admin@joomla.org","authorUrl":"www.joomla.org","version":"2.5.0","description":"PLG_SYSTEM_LANGUAGECODE_XML_DESCRIPTION","group":""}', '{}', '', '', 0, '0000-00-00 00:00:00', 10, 0),
(437, 'plg_quickicon_joomlaupdate', 'plugin', 'joomlaupdate', 'quickicon', 0, 1, 1, 1, '{"legacy":false,"name":"plg_quickicon_joomlaupdate","type":"plugin","creationDate":"August 2011","author":"Joomla! Project","copyright":"Copyright (C) 2005 - 2012 Open Source Matters. All rights reserved.","authorEmail":"admin@joomla.org","authorUrl":"www.joomla.org","version":"2.5.0","description":"PLG_QUICKICON_JOOMLAUPDATE_XML_DESCRIPTION","group":""}', '{}', '', '', 0, '0000-00-00 00:00:00', 0, 0),
(438, 'plg_quickicon_extensionupdate', 'plugin', 'extensionupdate', 'quickicon', 0, 1, 1, 1, '{"legacy":false,"name":"plg_quickicon_extensionupdate","type":"plugin","creationDate":"August 2011","author":"Joomla! Project","copyright":"Copyright (C) 2005 - 2012 Open Source Matters. All rights reserved.","authorEmail":"admin@joomla.org","authorUrl":"www.joomla.org","version":"2.5.0","description":"PLG_QUICKICON_EXTENSIONUPDATE_XML_DESCRIPTION","group":""}', '{}', '', '', 0, '0000-00-00 00:00:00', 0, 0),
(439, 'plg_captcha_recaptcha', 'plugin', 'recaptcha', 'captcha', 0, 1, 1, 0, '{"legacy":false,"name":"plg_captcha_recaptcha","type":"plugin","creationDate":"December 2011","author":"Joomla! Project","copyright":"Copyright (C) 2005 - 2012 Open Source Matters. All rights reserved.","authorEmail":"admin@joomla.org","authorUrl":"www.joomla.org","version":"2.5.0","description":"PLG_CAPTCHA_RECAPTCHA_XML_DESCRIPTION","group":""}', '{"public_key":"","private_key":"","theme":"clean"}', '', '', 0, '0000-00-00 00:00:00', 0, 0),
(440, 'plg_system_highlight', 'plugin', 'highlight', 'system', 0, 1, 1, 0, '', '{}', '', '', 0, '0000-00-00 00:00:00', 7, 0),
(441, 'plg_content_finder', 'plugin', 'finder', 'content', 0, 0, 1, 0, '{"legacy":false,"name":"plg_content_finder","type":"plugin","creationDate":"December 2011","author":"Joomla! Project","copyright":"Copyright (C) 2005 - 2012 Open Source Matters. All rights reserved.","authorEmail":"admin@joomla.org","authorUrl":"www.joomla.org","version":"1.7.0","description":"PLG_CONTENT_FINDER_XML_DESCRIPTION","group":""}', '{}', '', '', 0, '0000-00-00 00:00:00', 0, 0),
(442, 'plg_finder_categories', 'plugin', 'categories', 'finder', 0, 1, 1, 0, '', '{}', '', '', 0, '0000-00-00 00:00:00', 1, 0),
(443, 'plg_finder_contacts', 'plugin', 'contacts', 'finder', 0, 1, 1, 0, '', '{}', '', '', 0, '0000-00-00 00:00:00', 2, 0),
(444, 'plg_finder_content', 'plugin', 'content', 'finder', 0, 1, 1, 0, '', '{}', '', '', 0, '0000-00-00 00:00:00', 3, 0),
(445, 'plg_finder_newsfeeds', 'plugin', 'newsfeeds', 'finder', 0, 1, 1, 0, '', '{}', '', '', 0, '0000-00-00 00:00:00', 4, 0),
(446, 'plg_finder_weblinks', 'plugin', 'weblinks', 'finder', 0, 1, 1, 0, '', '{}', '', '', 0, '0000-00-00 00:00:00', 5, 0),
(500, 'atomic', 'template', 'atomic', '', 0, 1, 1, 0, '{"legacy":false,"name":"atomic","type":"template","creationDate":"10\\/10\\/09","author":"Ron Severdia","copyright":"Copyright (C) 2005 - 2012 Open Source Matters, Inc. All rights reserved.","authorEmail":"contact@kontentdesign.com","authorUrl":"http:\\/\\/www.kontentdesign.com","version":"2.5.0","description":"TPL_ATOMIC_XML_DESCRIPTION","group":""}', '{}', '', '', 0, '0000-00-00 00:00:00', 0, 0),
(502, 'bluestork', 'template', 'bluestork', '', 1, 1, 1, 0, '{"legacy":false,"name":"bluestork","type":"template","creationDate":"07\\/02\\/09","author":"Joomla! Project","copyright":"Copyright (C) 2005 - 2012 Open Source Matters, Inc. All rights reserved.","authorEmail":"admin@joomla.org","authorUrl":"www.joomla.org","version":"2.5.0","description":"TPL_BLUESTORK_XML_DESCRIPTION","group":""}', '{"useRoundedCorners":"1","showSiteName":"0","textBig":"0","highContrast":"0"}', '', '', 0, '0000-00-00 00:00:00', 0, 0),
(503, 'beez_20', 'template', 'beez_20', '', 0, 1, 1, 0, '{"legacy":false,"name":"beez_20","type":"template","creationDate":"25 November 2009","author":"Angie Radtke","copyright":"Copyright (C) 2005 - 2012 Open Source Matters, Inc. All rights reserved.","authorEmail":"a.radtke@derauftritt.de","authorUrl":"http:\\/\\/www.der-auftritt.de","version":"2.5.0","description":"TPL_BEEZ2_XML_DESCRIPTION","group":""}', '{"wrapperSmall":"53","wrapperLarge":"72","sitetitle":"","sitedescription":"","navposition":"center","templatecolor":"nature"}', '', '', 0, '0000-00-00 00:00:00', 0, 0),
(504, 'hathor', 'template', 'hathor', '', 1, 1, 1, 0, '{"legacy":false,"name":"hathor","type":"template","creationDate":"May 2010","author":"Andrea Tarr","copyright":"Copyright (C) 2005 - 2012 Open Source Matters, Inc. All rights reserved.","authorEmail":"hathor@tarrconsulting.com","authorUrl":"http:\\/\\/www.tarrconsulting.com","version":"2.5.0","description":"TPL_HATHOR_XML_DESCRIPTION","group":""}', '{"showSiteName":"0","colourChoice":"0","boldText":"0"}', '', '', 0, '0000-00-00 00:00:00', 0, 0),
(505, 'beez5', 'template', 'beez5', '', 0, 1, 1, 0, '{"legacy":false,"name":"beez5","type":"template","creationDate":"21 May 2010","author":"Angie Radtke","copyright":"Copyright (C) 2005 - 2012 Open Source Matters, Inc. All rights reserved.","authorEmail":"a.radtke@derauftritt.de","authorUrl":"http:\\/\\/www.der-auftritt.de","version":"2.5.0","description":"TPL_BEEZ5_XML_DESCRIPTION","group":""}', '{"wrapperSmall":"53","wrapperLarge":"72","sitetitle":"","sitedescription":"","navposition":"center","html5":"0"}', '', '', 0, '0000-00-00 00:00:00', 0, 0),
(600, 'English (United Kingdom)', 'language', 'en-GB', '', 0, 1, 1, 1, '{"legacy":false,"name":"English (United Kingdom)","type":"language","creationDate":"2008-03-15","author":"Joomla! Project","copyright":"Copyright (C) 2005 - 2012 Open Source Matters. All rights reserved.","authorEmail":"admin@joomla.org","authorUrl":"www.joomla.org","version":"2.5.5","description":"en-GB site language","group":""}', '', '', '', 0, '0000-00-00 00:00:00', 0, 0),
(601, 'English (United Kingdom)', 'language', 'en-GB', '', 1, 1, 1, 1, '{"legacy":false,"name":"English (United Kingdom)","type":"language","creationDate":"2008-03-15","author":"Joomla! Project","copyright":"Copyright (C) 2005 - 2012 Open Source Matters. All rights reserved.","authorEmail":"admin@joomla.org","authorUrl":"www.joomla.org","version":"2.5.5","description":"en-GB administrator language","group":""}', '', '', '', 0, '0000-00-00 00:00:00', 0, 0),
(700, 'files_joomla', 'file', 'joomla', '', 0, 1, 1, 1, '{"legacy":false,"name":"files_joomla","type":"file","creationDate":"June 2012","author":"Joomla! Project","copyright":"(C) 2005 - 2012 Open Source Matters. All rights reserved","authorEmail":"admin@joomla.org","authorUrl":"www.joomla.org","version":"2.5.6","description":"FILES_JOOMLA_XML_DESCRIPTION","group":""}', '', '', '', 0, '0000-00-00 00:00:00', 0, 0),
(10000, 'yoo_showroom', 'template', 'yoo_showroom', '', 0, 1, 1, 0, '{"legacy":false,"name":"yoo_showroom","type":"template","creationDate":"July 2012","author":"YOOtheme","copyright":"Copyright (C) YOOtheme GmbH","authorEmail":"info@yootheme.com","authorUrl":"http:\\/\\/www.yootheme.com","version":"1.0.0","description":"Showroomis the March 2013 theme of the YOOtheme club. It is based on YOOtheme''s Warp theme framework. NOTE: It is not free or public. This theme is for members of the YOOtheme club only.","group":""}', '{"config":""}', '', '', 0, '0000-00-00 00:00:00', 0, 0),
(10001, 'Widgetkit', 'module', 'mod_widgetkit', '', 0, 1, 0, 0, '{"legacy":false,"name":"Widgetkit","type":"module","creationDate":"May 2011","author":"YOOtheme","copyright":"Copyright (C) 2007 - 2011 YOOtheme GmbH","authorEmail":"info@yootheme.com","authorUrl":"http:\\/\\/www.yootheme.com","version":"1.0.0","description":"Widgetkit module for Widgetkit developed by YOOtheme (http:\\/\\/www.yootheme.com)","group":""}', '{"widget_id":"","moduleclass_sfx":""}', '', '', 0, '0000-00-00 00:00:00', 0, 0),
(10002, 'Widgetkit Twitter', 'module', 'mod_widgetkit_twitter', '', 0, 1, 0, 0, '{"legacy":false,"name":"Widgetkit Twitter","type":"module","creationDate":"May 2011","author":"YOOtheme","copyright":"Copyright (C) 2007 - 2011 YOOtheme GmbH","authorEmail":"info@yootheme.com","authorUrl":"http:\\/\\/www.yootheme.com","version":"1.0.0","description":"Twitter module for Widgetkit developed by YOOtheme (http:\\/\\/www.yootheme.com)","group":""}', '{"style":"list","from_user":"","to_user":"","ref_user":"","hashtag":"","word":"","nots":"","limit":"5","image_size":"48","show_image":"1","show_author":"1","show_date":"1","moduleclass_sfx":""}', '', '', 0, '0000-00-00 00:00:00', 0, 0),
(10003, 'System - Widgetkit', 'plugin', 'widgetkit_system', 'system', 0, 1, 1, 0, '{"legacy":false,"name":"System - Widgetkit","type":"plugin","creationDate":"May 2011","author":"YOOtheme","copyright":"Copyright (C) 2007 - 2011 YOOtheme GmbH","authorEmail":"info@yootheme.com","authorUrl":"http:\\/\\/www.yootheme.com","version":"1.0.0","description":"Plugin for Widgetkit developed by YOOtheme (http:\\/\\/www.yootheme.com)","group":""}', '{}', '', '', 0, '0000-00-00 00:00:00', 0, 0),
(10004, 'Content - Widgetkit', 'plugin', 'widgetkit_content', 'content', 0, 1, 1, 0, '{"legacy":false,"name":"Content - Widgetkit","type":"plugin","creationDate":"May 2011","author":"YOOtheme","copyright":"Copyright (C) 2007 - 2011 YOOtheme GmbH","authorEmail":"info@yootheme.com","authorUrl":"http:\\/\\/www.yootheme.com","version":"1.0.0","description":"Plugin for Widgetkit developed by YOOtheme (http:\\/\\/www.yootheme.com)","group":""}', '{}', '', '', 0, '0000-00-00 00:00:00', 0, 0),
(10005, 'widgetkit', 'component', 'com_widgetkit', '', 1, 1, 0, 0, '{"legacy":false,"name":"Widgetkit","type":"component","creationDate":"December 2012","author":"YOOtheme","copyright":"Copyright (C) YOOtheme GmbH","authorEmail":"info@yootheme.com","authorUrl":"http:\\/\\/www.yootheme.com","version":"1.3.3","description":"Widgetkit - A widget toolkit by YOOtheme (http:\\/\\/www.yootheme.com)","group":""}', '{}', '', '', 0, '0000-00-00 00:00:00', 0, 0),
(10006, 'PKG_JOOMLA', 'package', 'pkg_joomla', '', 0, 1, 1, 1, '{"legacy":false,"name":"PKG_JOOMLA","type":"package","creationDate":"2006","author":"Joomla! Project","copyright":"Copyright (C) 2005 - 2012 Open Source Matters. All rights reserved.","authorEmail":"admin@joomla.org","authorUrl":"http:\\/\\/www.joomla.org","version":"2.5.0","description":"PKG_JOOMLA_XML_DESCRIPTION","group":""}', '', '', '', 0, '0000-00-00 00:00:00', 0, 0),
(10007, 'System - Widgetkit ZOO', 'plugin', 'widgetkit_zoo', 'system', 0, 1, 1, 0, '{"legacy":false,"name":"System - Widgetkit ZOO","type":"plugin","creationDate":"June 2011","author":"YOOtheme","copyright":"Copyright (C) 2007 - 2011 YOOtheme GmbH","authorEmail":"info@yootheme.com","authorUrl":"http:\\/\\/www.yootheme.com","version":"1.0.0","description":"ZOO plugin for Widgetkit developed by YOOtheme (http:\\/\\/www.yootheme.com)","group":""}', '{}', '', '', 0, '0000-00-00 00:00:00', 0, 0),
(10008, 'System - Widgetkit Joomla', 'plugin', 'widgetkit_joomla', 'system', 0, 1, 1, 0, '{"legacy":false,"name":"System - Widgetkit Joomla","type":"plugin","creationDate":"December 2011","author":"YOOtheme","copyright":"Copyright (C) 2007 - 2011 YOOtheme GmbH","authorEmail":"info@yootheme.com","authorUrl":"http:\\/\\/www.yootheme.com","version":"1.0.0","description":"Joomla Content plugin for Widgetkit developed by YOOtheme (http:\\/\\/www.yootheme.com)","group":""}', '{}', '', '', 0, '0000-00-00 00:00:00', 0, 0),
(10022, 'widgetkit', 'component', 'com_widgetkit', '', 1, 1, 0, 0, '{"legacy":false,"name":"Widgetkit","type":"component","creationDate":"August 2012","author":"YOOtheme","copyright":"Copyright (C) YOOtheme GmbH","authorEmail":"info@yootheme.com","authorUrl":"http:\\/\\/www.yootheme.com","version":"1.2.2","description":"Widgetkit - A widget toolkit by YOOtheme (http:\\/\\/www.yootheme.com)","group":""}', '{}', '', '', 0, '0000-00-00 00:00:00', 0, 0),
(10026, '   TinyMCE', 'file', 'TinyMCE_ar-AA', '', 0, 1, 0, 0, '{"legacy":false,"name":"\\u0627\\u0644\\u0644\\u063a\\u0629 \\u0627\\u0644\\u0639\\u0631\\u0628\\u064a\\u0629 \\u0644\\u0644\\u0645\\u062d\\u0631\\u0631 TinyMCE","type":"file","creationDate":"20 March 2012","author":"Dr. Ashraf Damra","copyright":"(C) 2010-2011 Arabic Translation Team","authorEmail":"","authorUrl":"http:\\/\\/joomlacode.org\\/gf\\/project\\/arabic_unitag\\/","version":"3.4.3.2","description":"\\n\\t\\t<h3>\\u062a\\u0645 \\u0628\\u0646\\u062c\\u0627\\u062d \\u062a\\u0646\\u0635\\u064a\\u0628 \\u062d\\u0632\\u0645\\u0629 \\u0627\\u0644\\u0644\\u063a\\u0629 \\u0627\\u0644\\u0639\\u0631\\u0628\\u064a\\u0629 \\u0644\\u0644\\u0645\\u062d\\u0631\\u0631 TinyMCE 3 \\u0627\\u0644\\u0645\\u0639\\u062a\\u0645\\u062f \\u0641\\u064a \\u062c\\u0648\\u0645\\u0644\\u0627! 2.5<\\/h3>\\n\\t\\t<div style=\\"font-weight:normal\\">\\u062a\\u0630\\u0643\\u0631 \\u0623\\u0646\\u0647 \\u0645\\u0646 \\u0627\\u0644\\u0648\\u0627\\u062c\\u0628 \\u0627\\u062f\\u062e\\u0627\\u0644 \\u0643\\u0648\\u062f \\u0627\\u0644\\u0644\\u063a\\u0629 \\u0627\\u0644\\u0639\\u0631\\u0628\\u064a\\u0629 ar \\u0641\\u064a \\u062e\\u0627\\u0646\\u0629 \\u0627\\u0644\\u0644\\u063a\\u0629 \\u0639\\u0646\\u062f<a href=\\"index.php?option=com_plugins&view=plugins&filter_search=TinyMCE\\"><strong> \\u0627\\u062f\\u0627\\u0631\\u0629 \\u0627\\u0644\\u062a\\u0637\\u0628\\u064a\\u0642 \\u0627\\u0644\\u0645\\u0633\\u0627\\u0639\\u062f \\u0627\\u0644\\u0645\\u062d\\u0631\\u0631-TinyMCE <\\/strong><\\/a><br \\/>\\n\\t\\t\\n\\t","group":""}', '', '', '', 0, '0000-00-00 00:00:00', 0, 0),
(10029, 'PLG_SYSTEM_NNFRAMEWORK', 'plugin', 'nnframework', 'system', 0, 1, 1, 0, '{"legacy":true,"name":"PLG_SYSTEM_NNFRAMEWORK","type":"plugin","creationDate":"October 2012","author":"NoNumber (Peter van Westen)","copyright":"Copyright \\u00a9 2012 NoNumber All Rights Reserved","authorEmail":"peter@nonumber.nl","authorUrl":"http:\\/\\/www.nonumber.nl","version":"12.9.10","description":"PLG_SYSTEM_NNFRAMEWORK_DESC","group":""}', '', '', '', 0, '0000-00-00 00:00:00', 0, 0),
(10030, 'Editor - JCE', 'plugin', 'jce', 'editors', 0, 1, 1, 0, '{"legacy":true,"name":"Editor - JCE","type":"plugin","creationDate":"20 June 2012","author":"Ryan Demmer","copyright":"2006-2010 Ryan Demmer","authorEmail":"info@joomlacontenteditor.net","authorUrl":"http:\\/\\/www.joomlacontenteditor.net","version":"2.2.0","description":"WF_EDITOR_PLUGIN_DESC","group":""}', '{}', '', '', 0, '0000-00-00 00:00:00', 0, 0),
(10031, 'plg_quickicon_jcefilebrowser', 'plugin', 'jcefilebrowser', 'quickicon', 0, 1, 1, 0, '{"legacy":false,"name":"plg_quickicon_jcefilebrowser","type":"plugin","creationDate":"April 2012","author":"Ryan Demmer","copyright":"Copyright (C) 2012 Ryan Demmer. All rights reserved.","authorEmail":"admin@joomla.org","authorUrl":"www.joomla.org","version":"2.5.0","description":"PLG_QUICKICON_JCEFILEBROWSER_XML_DESCRIPTION","group":""}', '{}', '', '', 0, '0000-00-00 00:00:00', 0, 0),
(10032, 'jce', 'component', 'com_jce', '', 1, 1, 0, 0, '{"legacy":true,"name":"JCE","type":"component","creationDate":"20 June 2012","author":"Ryan Demmer","copyright":"Copyright (C) 2006 - 2012 Ryan Demmer. All rights reserved","authorEmail":"info@joomlacontenteditor.net","authorUrl":"www.joomlacontenteditor.net","version":"2.2.0","description":"WF_ADMIN_DESC","group":""}', '{}', '', '', 0, '0000-00-00 00:00:00', 0, 0);

-- --------------------------------------------------------

--
-- Table structure for table `pjyu3_finder_filters`
--

CREATE TABLE IF NOT EXISTS `pjyu3_finder_filters` (
  `filter_id` int(10) unsigned NOT NULL AUTO_INCREMENT,
  `title` varchar(255) NOT NULL,
  `alias` varchar(255) NOT NULL,
  `state` tinyint(1) NOT NULL DEFAULT '1',
  `created` datetime NOT NULL DEFAULT '0000-00-00 00:00:00',
  `created_by` int(10) unsigned NOT NULL,
  `created_by_alias` varchar(255) NOT NULL,
  `modified` datetime NOT NULL DEFAULT '0000-00-00 00:00:00',
  `modified_by` int(10) unsigned NOT NULL DEFAULT '0',
  `checked_out` int(10) unsigned NOT NULL DEFAULT '0',
  `checked_out_time` datetime NOT NULL DEFAULT '0000-00-00 00:00:00',
  `map_count` int(10) unsigned NOT NULL DEFAULT '0',
  `data` text NOT NULL,
  `params` mediumtext,
  PRIMARY KEY (`filter_id`)
) ENGINE=InnoDB DEFAULT CHARSET=utf8 AUTO_INCREMENT=1 ;

-- --------------------------------------------------------

--
-- Table structure for table `pjyu3_finder_links`
--

CREATE TABLE IF NOT EXISTS `pjyu3_finder_links` (
  `link_id` int(10) unsigned NOT NULL AUTO_INCREMENT,
  `url` varchar(255) NOT NULL,
  `route` varchar(255) NOT NULL,
  `title` varchar(255) DEFAULT NULL,
  `description` varchar(255) DEFAULT NULL,
  `indexdate` datetime NOT NULL DEFAULT '0000-00-00 00:00:00',
  `md5sum` varchar(32) DEFAULT NULL,
  `published` tinyint(1) NOT NULL DEFAULT '1',
  `state` int(5) DEFAULT '1',
  `access` int(5) DEFAULT '0',
  `language` varchar(8) NOT NULL,
  `publish_start_date` datetime NOT NULL DEFAULT '0000-00-00 00:00:00',
  `publish_end_date` datetime NOT NULL DEFAULT '0000-00-00 00:00:00',
  `start_date` datetime NOT NULL DEFAULT '0000-00-00 00:00:00',
  `end_date` datetime NOT NULL DEFAULT '0000-00-00 00:00:00',
  `list_price` double unsigned NOT NULL DEFAULT '0',
  `sale_price` double unsigned NOT NULL DEFAULT '0',
  `type_id` int(11) NOT NULL,
  `object` mediumblob NOT NULL,
  PRIMARY KEY (`link_id`),
  KEY `idx_type` (`type_id`),
  KEY `idx_title` (`title`),
  KEY `idx_md5` (`md5sum`),
  KEY `idx_url` (`url`(75)),
  KEY `idx_published_list` (`published`,`state`,`access`,`publish_start_date`,`publish_end_date`,`list_price`),
  KEY `idx_published_sale` (`published`,`state`,`access`,`publish_start_date`,`publish_end_date`,`sale_price`)
) ENGINE=InnoDB DEFAULT CHARSET=utf8 AUTO_INCREMENT=1 ;

-- --------------------------------------------------------

--
-- Table structure for table `pjyu3_finder_links_terms0`
--

CREATE TABLE IF NOT EXISTS `pjyu3_finder_links_terms0` (
  `link_id` int(10) unsigned NOT NULL,
  `term_id` int(10) unsigned NOT NULL,
  `weight` float unsigned NOT NULL,
  PRIMARY KEY (`link_id`,`term_id`),
  KEY `idx_term_weight` (`term_id`,`weight`),
  KEY `idx_link_term_weight` (`link_id`,`term_id`,`weight`)
) ENGINE=InnoDB DEFAULT CHARSET=utf8;

-- --------------------------------------------------------

--
-- Table structure for table `pjyu3_finder_links_terms1`
--

CREATE TABLE IF NOT EXISTS `pjyu3_finder_links_terms1` (
  `link_id` int(10) unsigned NOT NULL,
  `term_id` int(10) unsigned NOT NULL,
  `weight` float unsigned NOT NULL,
  PRIMARY KEY (`link_id`,`term_id`),
  KEY `idx_term_weight` (`term_id`,`weight`),
  KEY `idx_link_term_weight` (`link_id`,`term_id`,`weight`)
) ENGINE=InnoDB DEFAULT CHARSET=utf8;

-- --------------------------------------------------------

--
-- Table structure for table `pjyu3_finder_links_terms2`
--

CREATE TABLE IF NOT EXISTS `pjyu3_finder_links_terms2` (
  `link_id` int(10) unsigned NOT NULL,
  `term_id` int(10) unsigned NOT NULL,
  `weight` float unsigned NOT NULL,
  PRIMARY KEY (`link_id`,`term_id`),
  KEY `idx_term_weight` (`term_id`,`weight`),
  KEY `idx_link_term_weight` (`link_id`,`term_id`,`weight`)
) ENGINE=InnoDB DEFAULT CHARSET=utf8;

-- --------------------------------------------------------

--
-- Table structure for table `pjyu3_finder_links_terms3`
--

CREATE TABLE IF NOT EXISTS `pjyu3_finder_links_terms3` (
  `link_id` int(10) unsigned NOT NULL,
  `term_id` int(10) unsigned NOT NULL,
  `weight` float unsigned NOT NULL,
  PRIMARY KEY (`link_id`,`term_id`),
  KEY `idx_term_weight` (`term_id`,`weight`),
  KEY `idx_link_term_weight` (`link_id`,`term_id`,`weight`)
) ENGINE=InnoDB DEFAULT CHARSET=utf8;

-- --------------------------------------------------------

--
-- Table structure for table `pjyu3_finder_links_terms4`
--

CREATE TABLE IF NOT EXISTS `pjyu3_finder_links_terms4` (
  `link_id` int(10) unsigned NOT NULL,
  `term_id` int(10) unsigned NOT NULL,
  `weight` float unsigned NOT NULL,
  PRIMARY KEY (`link_id`,`term_id`),
  KEY `idx_term_weight` (`term_id`,`weight`),
  KEY `idx_link_term_weight` (`link_id`,`term_id`,`weight`)
) ENGINE=InnoDB DEFAULT CHARSET=utf8;

-- --------------------------------------------------------

--
-- Table structure for table `pjyu3_finder_links_terms5`
--

CREATE TABLE IF NOT EXISTS `pjyu3_finder_links_terms5` (
  `link_id` int(10) unsigned NOT NULL,
  `term_id` int(10) unsigned NOT NULL,
  `weight` float unsigned NOT NULL,
  PRIMARY KEY (`link_id`,`term_id`),
  KEY `idx_term_weight` (`term_id`,`weight`),
  KEY `idx_link_term_weight` (`link_id`,`term_id`,`weight`)
) ENGINE=InnoDB DEFAULT CHARSET=utf8;

-- --------------------------------------------------------

--
-- Table structure for table `pjyu3_finder_links_terms6`
--

CREATE TABLE IF NOT EXISTS `pjyu3_finder_links_terms6` (
  `link_id` int(10) unsigned NOT NULL,
  `term_id` int(10) unsigned NOT NULL,
  `weight` float unsigned NOT NULL,
  PRIMARY KEY (`link_id`,`term_id`),
  KEY `idx_term_weight` (`term_id`,`weight`),
  KEY `idx_link_term_weight` (`link_id`,`term_id`,`weight`)
) ENGINE=InnoDB DEFAULT CHARSET=utf8;

-- --------------------------------------------------------

--
-- Table structure for table `pjyu3_finder_links_terms7`
--

CREATE TABLE IF NOT EXISTS `pjyu3_finder_links_terms7` (
  `link_id` int(10) unsigned NOT NULL,
  `term_id` int(10) unsigned NOT NULL,
  `weight` float unsigned NOT NULL,
  PRIMARY KEY (`link_id`,`term_id`),
  KEY `idx_term_weight` (`term_id`,`weight`),
  KEY `idx_link_term_weight` (`link_id`,`term_id`,`weight`)
) ENGINE=InnoDB DEFAULT CHARSET=utf8;

-- --------------------------------------------------------

--
-- Table structure for table `pjyu3_finder_links_terms8`
--

CREATE TABLE IF NOT EXISTS `pjyu3_finder_links_terms8` (
  `link_id` int(10) unsigned NOT NULL,
  `term_id` int(10) unsigned NOT NULL,
  `weight` float unsigned NOT NULL,
  PRIMARY KEY (`link_id`,`term_id`),
  KEY `idx_term_weight` (`term_id`,`weight`),
  KEY `idx_link_term_weight` (`link_id`,`term_id`,`weight`)
) ENGINE=InnoDB DEFAULT CHARSET=utf8;

-- --------------------------------------------------------

--
-- Table structure for table `pjyu3_finder_links_terms9`
--

CREATE TABLE IF NOT EXISTS `pjyu3_finder_links_terms9` (
  `link_id` int(10) unsigned NOT NULL,
  `term_id` int(10) unsigned NOT NULL,
  `weight` float unsigned NOT NULL,
  PRIMARY KEY (`link_id`,`term_id`),
  KEY `idx_term_weight` (`term_id`,`weight`),
  KEY `idx_link_term_weight` (`link_id`,`term_id`,`weight`)
) ENGINE=InnoDB DEFAULT CHARSET=utf8;

-- --------------------------------------------------------

--
-- Table structure for table `pjyu3_finder_links_termsa`
--

CREATE TABLE IF NOT EXISTS `pjyu3_finder_links_termsa` (
  `link_id` int(10) unsigned NOT NULL,
  `term_id` int(10) unsigned NOT NULL,
  `weight` float unsigned NOT NULL,
  PRIMARY KEY (`link_id`,`term_id`),
  KEY `idx_term_weight` (`term_id`,`weight`),
  KEY `idx_link_term_weight` (`link_id`,`term_id`,`weight`)
) ENGINE=InnoDB DEFAULT CHARSET=utf8;

-- --------------------------------------------------------

--
-- Table structure for table `pjyu3_finder_links_termsb`
--

CREATE TABLE IF NOT EXISTS `pjyu3_finder_links_termsb` (
  `link_id` int(10) unsigned NOT NULL,
  `term_id` int(10) unsigned NOT NULL,
  `weight` float unsigned NOT NULL,
  PRIMARY KEY (`link_id`,`term_id`),
  KEY `idx_term_weight` (`term_id`,`weight`),
  KEY `idx_link_term_weight` (`link_id`,`term_id`,`weight`)
) ENGINE=InnoDB DEFAULT CHARSET=utf8;

-- --------------------------------------------------------

--
-- Table structure for table `pjyu3_finder_links_termsc`
--

CREATE TABLE IF NOT EXISTS `pjyu3_finder_links_termsc` (
  `link_id` int(10) unsigned NOT NULL,
  `term_id` int(10) unsigned NOT NULL,
  `weight` float unsigned NOT NULL,
  PRIMARY KEY (`link_id`,`term_id`),
  KEY `idx_term_weight` (`term_id`,`weight`),
  KEY `idx_link_term_weight` (`link_id`,`term_id`,`weight`)
) ENGINE=InnoDB DEFAULT CHARSET=utf8;

-- --------------------------------------------------------

--
-- Table structure for table `pjyu3_finder_links_termsd`
--

CREATE TABLE IF NOT EXISTS `pjyu3_finder_links_termsd` (
  `link_id` int(10) unsigned NOT NULL,
  `term_id` int(10) unsigned NOT NULL,
  `weight` float unsigned NOT NULL,
  PRIMARY KEY (`link_id`,`term_id`),
  KEY `idx_term_weight` (`term_id`,`weight`),
  KEY `idx_link_term_weight` (`link_id`,`term_id`,`weight`)
) ENGINE=InnoDB DEFAULT CHARSET=utf8;

-- --------------------------------------------------------

--
-- Table structure for table `pjyu3_finder_links_termse`
--

CREATE TABLE IF NOT EXISTS `pjyu3_finder_links_termse` (
  `link_id` int(10) unsigned NOT NULL,
  `term_id` int(10) unsigned NOT NULL,
  `weight` float unsigned NOT NULL,
  PRIMARY KEY (`link_id`,`term_id`),
  KEY `idx_term_weight` (`term_id`,`weight`),
  KEY `idx_link_term_weight` (`link_id`,`term_id`,`weight`)
) ENGINE=InnoDB DEFAULT CHARSET=utf8;

-- --------------------------------------------------------

--
-- Table structure for table `pjyu3_finder_links_termsf`
--

CREATE TABLE IF NOT EXISTS `pjyu3_finder_links_termsf` (
  `link_id` int(10) unsigned NOT NULL,
  `term_id` int(10) unsigned NOT NULL,
  `weight` float unsigned NOT NULL,
  PRIMARY KEY (`link_id`,`term_id`),
  KEY `idx_term_weight` (`term_id`,`weight`),
  KEY `idx_link_term_weight` (`link_id`,`term_id`,`weight`)
) ENGINE=InnoDB DEFAULT CHARSET=utf8;

-- --------------------------------------------------------

--
-- Table structure for table `pjyu3_finder_taxonomy`
--

CREATE TABLE IF NOT EXISTS `pjyu3_finder_taxonomy` (
  `id` int(10) unsigned NOT NULL AUTO_INCREMENT,
  `parent_id` int(10) unsigned NOT NULL DEFAULT '0',
  `title` varchar(255) NOT NULL,
  `state` tinyint(1) unsigned NOT NULL DEFAULT '1',
  `access` tinyint(1) unsigned NOT NULL DEFAULT '0',
  `ordering` tinyint(1) unsigned NOT NULL DEFAULT '0',
  PRIMARY KEY (`id`),
  KEY `parent_id` (`parent_id`),
  KEY `state` (`state`),
  KEY `ordering` (`ordering`),
  KEY `access` (`access`),
  KEY `idx_parent_published` (`parent_id`,`state`,`access`)
) ENGINE=InnoDB  DEFAULT CHARSET=utf8 AUTO_INCREMENT=2 ;

--
-- Dumping data for table `pjyu3_finder_taxonomy`
--

INSERT INTO `pjyu3_finder_taxonomy` (`id`, `parent_id`, `title`, `state`, `access`, `ordering`) VALUES
(1, 0, 'ROOT', 0, 0, 0);

-- --------------------------------------------------------

--
-- Table structure for table `pjyu3_finder_taxonomy_map`
--

CREATE TABLE IF NOT EXISTS `pjyu3_finder_taxonomy_map` (
  `link_id` int(10) unsigned NOT NULL,
  `node_id` int(10) unsigned NOT NULL,
  PRIMARY KEY (`link_id`,`node_id`),
  KEY `link_id` (`link_id`),
  KEY `node_id` (`node_id`)
) ENGINE=InnoDB DEFAULT CHARSET=utf8;

-- --------------------------------------------------------

--
-- Table structure for table `pjyu3_finder_terms`
--

CREATE TABLE IF NOT EXISTS `pjyu3_finder_terms` (
  `term_id` int(10) unsigned NOT NULL AUTO_INCREMENT,
  `term` varchar(75) NOT NULL,
  `stem` varchar(75) NOT NULL,
  `common` tinyint(1) unsigned NOT NULL DEFAULT '0',
  `phrase` tinyint(1) unsigned NOT NULL DEFAULT '0',
  `weight` float unsigned NOT NULL DEFAULT '0',
  `soundex` varchar(75) NOT NULL,
  `links` int(10) NOT NULL DEFAULT '0',
  PRIMARY KEY (`term_id`),
  UNIQUE KEY `idx_term` (`term`),
  KEY `idx_term_phrase` (`term`,`phrase`),
  KEY `idx_stem_phrase` (`stem`,`phrase`),
  KEY `idx_soundex_phrase` (`soundex`,`phrase`)
) ENGINE=InnoDB DEFAULT CHARSET=utf8 AUTO_INCREMENT=1 ;

-- --------------------------------------------------------

--
-- Table structure for table `pjyu3_finder_terms_common`
--

CREATE TABLE IF NOT EXISTS `pjyu3_finder_terms_common` (
  `term` varchar(75) NOT NULL,
  `language` varchar(3) NOT NULL,
  KEY `idx_word_lang` (`term`,`language`),
  KEY `idx_lang` (`language`)
) ENGINE=InnoDB DEFAULT CHARSET=utf8;

--
-- Dumping data for table `pjyu3_finder_terms_common`
--

INSERT INTO `pjyu3_finder_terms_common` (`term`, `language`) VALUES
('a', 'en'),
('about', 'en'),
('after', 'en'),
('ago', 'en'),
('all', 'en'),
('am', 'en'),
('an', 'en'),
('and', 'en'),
('ani', 'en'),
('any', 'en'),
('are', 'en'),
('aren''t', 'en'),
('as', 'en'),
('at', 'en'),
('be', 'en'),
('but', 'en'),
('by', 'en'),
('for', 'en'),
('from', 'en'),
('get', 'en'),
('go', 'en'),
('how', 'en'),
('if', 'en'),
('in', 'en'),
('into', 'en'),
('is', 'en'),
('isn''t', 'en'),
('it', 'en'),
('its', 'en'),
('me', 'en'),
('more', 'en'),
('most', 'en'),
('must', 'en'),
('my', 'en'),
('new', 'en'),
('no', 'en'),
('none', 'en'),
('not', 'en'),
('noth', 'en'),
('nothing', 'en'),
('of', 'en'),
('off', 'en'),
('often', 'en'),
('old', 'en'),
('on', 'en'),
('onc', 'en'),
('once', 'en'),
('onli', 'en'),
('only', 'en'),
('or', 'en'),
('other', 'en'),
('our', 'en'),
('ours', 'en'),
('out', 'en'),
('over', 'en'),
('page', 'en'),
('she', 'en'),
('should', 'en'),
('small', 'en'),
('so', 'en'),
('some', 'en'),
('than', 'en'),
('thank', 'en'),
('that', 'en'),
('the', 'en'),
('their', 'en'),
('theirs', 'en'),
('them', 'en'),
('then', 'en'),
('there', 'en'),
('these', 'en'),
('they', 'en'),
('this', 'en'),
('those', 'en'),
('thus', 'en'),
('time', 'en'),
('times', 'en'),
('to', 'en'),
('too', 'en'),
('true', 'en'),
('under', 'en'),
('until', 'en'),
('up', 'en'),
('upon', 'en'),
('use', 'en'),
('user', 'en'),
('users', 'en'),
('veri', 'en'),
('version', 'en'),
('very', 'en'),
('via', 'en'),
('want', 'en'),
('was', 'en'),
('way', 'en'),
('were', 'en'),
('what', 'en'),
('when', 'en'),
('where', 'en'),
('whi', 'en'),
('which', 'en'),
('who', 'en'),
('whom', 'en'),
('whose', 'en'),
('why', 'en'),
('wide', 'en'),
('will', 'en'),
('with', 'en'),
('within', 'en'),
('without', 'en'),
('would', 'en'),
('yes', 'en'),
('yet', 'en'),
('you', 'en'),
('your', 'en'),
('yours', 'en');

-- --------------------------------------------------------

--
-- Table structure for table `pjyu3_finder_tokens`
--

CREATE TABLE IF NOT EXISTS `pjyu3_finder_tokens` (
  `term` varchar(75) NOT NULL,
  `stem` varchar(75) NOT NULL,
  `common` tinyint(1) unsigned NOT NULL DEFAULT '0',
  `phrase` tinyint(1) unsigned NOT NULL DEFAULT '0',
  `weight` float unsigned NOT NULL DEFAULT '1',
  `context` tinyint(1) unsigned NOT NULL DEFAULT '2',
  KEY `idx_word` (`term`),
  KEY `idx_context` (`context`)
) ENGINE=MEMORY DEFAULT CHARSET=utf8;

-- --------------------------------------------------------

--
-- Table structure for table `pjyu3_finder_tokens_aggregate`
--

CREATE TABLE IF NOT EXISTS `pjyu3_finder_tokens_aggregate` (
  `term_id` int(10) unsigned NOT NULL,
  `map_suffix` char(1) NOT NULL,
  `term` varchar(75) NOT NULL,
  `stem` varchar(75) NOT NULL,
  `common` tinyint(1) unsigned NOT NULL DEFAULT '0',
  `phrase` tinyint(1) unsigned NOT NULL DEFAULT '0',
  `term_weight` float unsigned NOT NULL,
  `context` tinyint(1) unsigned NOT NULL DEFAULT '2',
  `context_weight` float unsigned NOT NULL,
  `total_weight` float unsigned NOT NULL,
  KEY `token` (`term`),
  KEY `keyword_id` (`term_id`)
) ENGINE=MEMORY DEFAULT CHARSET=utf8;

-- --------------------------------------------------------

--
-- Table structure for table `pjyu3_finder_types`
--

CREATE TABLE IF NOT EXISTS `pjyu3_finder_types` (
  `id` int(10) unsigned NOT NULL AUTO_INCREMENT,
  `title` varchar(100) NOT NULL,
  `mime` varchar(100) NOT NULL,
  PRIMARY KEY (`id`),
  UNIQUE KEY `title` (`title`)
) ENGINE=InnoDB DEFAULT CHARSET=utf8 AUTO_INCREMENT=1 ;

-- --------------------------------------------------------

--
-- Table structure for table `pjyu3_languages`
--

CREATE TABLE IF NOT EXISTS `pjyu3_languages` (
  `lang_id` int(11) unsigned NOT NULL AUTO_INCREMENT,
  `lang_code` char(7) NOT NULL,
  `title` varchar(50) NOT NULL,
  `title_native` varchar(50) NOT NULL,
  `sef` varchar(50) NOT NULL,
  `image` varchar(50) NOT NULL,
  `description` varchar(512) NOT NULL,
  `metakey` text NOT NULL,
  `metadesc` text NOT NULL,
  `sitename` varchar(1024) NOT NULL DEFAULT '',
  `published` int(11) NOT NULL DEFAULT '0',
  `access` int(10) unsigned NOT NULL DEFAULT '0',
  `ordering` int(11) NOT NULL DEFAULT '0',
  PRIMARY KEY (`lang_id`),
  UNIQUE KEY `idx_sef` (`sef`),
  UNIQUE KEY `idx_image` (`image`),
  UNIQUE KEY `idx_langcode` (`lang_code`),
  KEY `idx_access` (`access`),
  KEY `idx_ordering` (`ordering`)
) ENGINE=InnoDB  DEFAULT CHARSET=utf8 AUTO_INCREMENT=2 ;

--
-- Dumping data for table `pjyu3_languages`
--

INSERT INTO `pjyu3_languages` (`lang_id`, `lang_code`, `title`, `title_native`, `sef`, `image`, `description`, `metakey`, `metadesc`, `sitename`, `published`, `access`, `ordering`) VALUES
(1, 'en-GB', 'English (UK)', 'English (UK)', 'en', 'en', '', '', '', '', 1, 0, 1);

-- --------------------------------------------------------

--
-- Table structure for table `pjyu3_menu`
--

CREATE TABLE IF NOT EXISTS `pjyu3_menu` (
  `id` int(11) NOT NULL AUTO_INCREMENT,
  `menutype` varchar(24) NOT NULL COMMENT 'The type of menu this item belongs to. FK to #__menu_types.menutype',
  `title` varchar(255) NOT NULL COMMENT 'The display title of the menu item.',
  `alias` varchar(255) CHARACTER SET utf8 COLLATE utf8_bin NOT NULL COMMENT 'The SEF alias of the menu item.',
  `note` varchar(255) NOT NULL DEFAULT '',
  `path` varchar(1024) NOT NULL COMMENT 'The computed path of the menu item based on the alias field.',
  `link` varchar(1024) NOT NULL COMMENT 'The actually link the menu item refers to.',
  `type` varchar(16) NOT NULL COMMENT 'The type of link: Component, URL, Alias, Separator',
  `published` tinyint(4) NOT NULL DEFAULT '0' COMMENT 'The published state of the menu link.',
  `parent_id` int(10) unsigned NOT NULL DEFAULT '1' COMMENT 'The parent menu item in the menu tree.',
  `level` int(10) unsigned NOT NULL DEFAULT '0' COMMENT 'The relative level in the tree.',
  `component_id` int(10) unsigned NOT NULL DEFAULT '0' COMMENT 'FK to #__extensions.id',
  `ordering` int(11) NOT NULL DEFAULT '0' COMMENT 'The relative ordering of the menu item in the tree.',
  `checked_out` int(10) unsigned NOT NULL DEFAULT '0' COMMENT 'FK to #__users.id',
  `checked_out_time` timestamp NOT NULL DEFAULT '0000-00-00 00:00:00' COMMENT 'The time the menu item was checked out.',
  `browserNav` tinyint(4) NOT NULL DEFAULT '0' COMMENT 'The click behaviour of the link.',
  `access` int(10) unsigned DEFAULT NULL,
  `img` varchar(255) NOT NULL COMMENT 'The image of the menu item.',
  `template_style_id` int(10) unsigned NOT NULL DEFAULT '0',
  `params` text NOT NULL COMMENT 'JSON encoded data for the menu item.',
  `lft` int(11) NOT NULL DEFAULT '0' COMMENT 'Nested set lft.',
  `rgt` int(11) NOT NULL DEFAULT '0' COMMENT 'Nested set rgt.',
  `home` tinyint(3) unsigned NOT NULL DEFAULT '0' COMMENT 'Indicates if this menu item is the home or default page.',
  `language` char(7) NOT NULL DEFAULT '',
  `client_id` tinyint(4) NOT NULL DEFAULT '0',
  PRIMARY KEY (`id`),
  UNIQUE KEY `idx_client_id_parent_id_alias_language` (`client_id`,`parent_id`,`alias`,`language`),
  KEY `idx_componentid` (`component_id`,`menutype`,`published`,`access`),
  KEY `idx_menutype` (`menutype`),
  KEY `idx_left_right` (`lft`,`rgt`),
  KEY `idx_alias` (`alias`),
  KEY `idx_path` (`path`(255)),
  KEY `idx_language` (`language`)
) ENGINE=InnoDB  DEFAULT CHARSET=utf8 AUTO_INCREMENT=217 ;

--
-- Dumping data for table `pjyu3_menu`
--

INSERT INTO `pjyu3_menu` (`id`, `menutype`, `title`, `alias`, `note`, `path`, `link`, `type`, `published`, `parent_id`, `level`, `component_id`, `ordering`, `checked_out`, `checked_out_time`, `browserNav`, `access`, `img`, `template_style_id`, `params`, `lft`, `rgt`, `home`, `language`, `client_id`) VALUES
(1, '', 'Menu_Item_Root', 'root', '', '', '', '', 1, 0, 0, 0, 0, 0, '0000-00-00 00:00:00', 0, 0, '', 0, '', 0, 191, 0, '*', 0),
(2, 'menu', 'com_banners', 'Banners', '', 'Banners', 'index.php?option=com_banners', 'component', 0, 1, 1, 4, 0, 0, '0000-00-00 00:00:00', 0, 0, 'class:banners', 0, '', 1, 10, 0, '*', 1),
(3, 'menu', 'com_banners', 'Banners', '', 'Banners/Banners', 'index.php?option=com_banners', 'component', 0, 2, 2, 4, 0, 0, '0000-00-00 00:00:00', 0, 0, 'class:banners', 0, '', 2, 3, 0, '*', 1),
(4, 'menu', 'com_banners_categories', 'Categories', '', 'Banners/Categories', 'index.php?option=com_categories&extension=com_banners', 'component', 0, 2, 2, 6, 0, 0, '0000-00-00 00:00:00', 0, 0, 'class:banners-cat', 0, '', 4, 5, 0, '*', 1),
(5, 'menu', 'com_banners_clients', 'Clients', '', 'Banners/Clients', 'index.php?option=com_banners&view=clients', 'component', 0, 2, 2, 4, 0, 0, '0000-00-00 00:00:00', 0, 0, 'class:banners-clients', 0, '', 6, 7, 0, '*', 1),
(6, 'menu', 'com_banners_tracks', 'Tracks', '', 'Banners/Tracks', 'index.php?option=com_banners&view=tracks', 'component', 0, 2, 2, 4, 0, 0, '0000-00-00 00:00:00', 0, 0, 'class:banners-tracks', 0, '', 8, 9, 0, '*', 1),
(7, 'menu', 'com_contact', 'Contacts', '', 'Contacts', 'index.php?option=com_contact', 'component', 0, 1, 1, 8, 0, 0, '0000-00-00 00:00:00', 0, 0, 'class:contact', 0, '', 95, 100, 0, '*', 1),
(8, 'menu', 'com_contact', 'Contacts', '', 'Contacts/Contacts', 'index.php?option=com_contact', 'component', 0, 7, 2, 8, 0, 0, '0000-00-00 00:00:00', 0, 0, 'class:contact', 0, '', 96, 97, 0, '*', 1),
(9, 'menu', 'com_contact_categories', 'Categories', '', 'Contacts/Categories', 'index.php?option=com_categories&extension=com_contact', 'component', 0, 7, 2, 6, 0, 0, '0000-00-00 00:00:00', 0, 0, 'class:contact-cat', 0, '', 98, 99, 0, '*', 1),
(10, 'menu', 'com_messages', 'Messaging', '', 'Messaging', 'index.php?option=com_messages', 'component', 0, 1, 1, 15, 0, 0, '0000-00-00 00:00:00', 0, 0, 'class:messages', 0, '', 101, 106, 0, '*', 1),
(11, 'menu', 'com_messages_add', 'New Private Message', '', 'Messaging/New Private Message', 'index.php?option=com_messages&task=message.add', 'component', 0, 10, 2, 15, 0, 0, '0000-00-00 00:00:00', 0, 0, 'class:messages-add', 0, '', 102, 103, 0, '*', 1),
(12, 'menu', 'com_messages_read', 'Read Private Message', '', 'Messaging/Read Private Message', 'index.php?option=com_messages', 'component', 0, 10, 2, 15, 0, 0, '0000-00-00 00:00:00', 0, 0, 'class:messages-read', 0, '', 104, 105, 0, '*', 1),
(13, 'menu', 'com_newsfeeds', 'News Feeds', '', 'News Feeds', 'index.php?option=com_newsfeeds', 'component', 0, 1, 1, 17, 0, 0, '0000-00-00 00:00:00', 0, 0, 'class:newsfeeds', 0, '', 107, 112, 0, '*', 1),
(14, 'menu', 'com_newsfeeds_feeds', 'Feeds', '', 'News Feeds/Feeds', 'index.php?option=com_newsfeeds', 'component', 0, 13, 2, 17, 0, 0, '0000-00-00 00:00:00', 0, 0, 'class:newsfeeds', 0, '', 108, 109, 0, '*', 1),
(15, 'menu', 'com_newsfeeds_categories', 'Categories', '', 'News Feeds/Categories', 'index.php?option=com_categories&extension=com_newsfeeds', 'component', 0, 13, 2, 6, 0, 0, '0000-00-00 00:00:00', 0, 0, 'class:newsfeeds-cat', 0, '', 110, 111, 0, '*', 1),
(16, 'menu', 'com_redirect', 'Redirect', '', 'Redirect', 'index.php?option=com_redirect', 'component', 0, 1, 1, 24, 0, 0, '0000-00-00 00:00:00', 0, 0, 'class:redirect', 0, '', 121, 122, 0, '*', 1),
(17, 'menu', 'com_search', 'Search', '', 'Search', 'index.php?option=com_search', 'component', 0, 1, 1, 19, 0, 0, '0000-00-00 00:00:00', 0, 0, 'class:search', 0, '', 113, 114, 0, '*', 1),
(18, 'menu', 'com_weblinks', 'Weblinks', '', 'Weblinks', 'index.php?option=com_weblinks', 'component', 0, 1, 1, 21, 0, 0, '0000-00-00 00:00:00', 0, 0, 'class:weblinks', 0, '', 115, 120, 0, '*', 1),
(19, 'menu', 'com_weblinks_links', 'Links', '', 'Weblinks/Links', 'index.php?option=com_weblinks', 'component', 0, 18, 2, 21, 0, 0, '0000-00-00 00:00:00', 0, 0, 'class:weblinks', 0, '', 116, 117, 0, '*', 1),
(20, 'menu', 'com_weblinks_categories', 'Categories', '', 'Weblinks/Categories', 'index.php?option=com_categories&extension=com_weblinks', 'component', 0, 18, 2, 6, 0, 0, '0000-00-00 00:00:00', 0, 0, 'class:weblinks-cat', 0, '', 118, 119, 0, '*', 1),
(21, 'menu', 'com_finder', 'Smart Search', '', 'Smart Search', 'index.php?option=com_finder', 'component', 0, 1, 1, 27, 0, 0, '0000-00-00 00:00:00', 0, 0, 'class:finder', 0, '', 93, 94, 0, '*', 1),
(22, 'menu', 'com_joomlaupdate', 'Joomla! Update', '', 'Joomla! Update', 'index.php?option=com_joomlaupdate', 'component', 0, 1, 1, 28, 0, 0, '0000-00-00 00:00:00', 0, 0, 'class:joomlaupdate', 0, '', 91, 92, 0, '*', 1),
(101, 'mainmenu', 'Home', 'home', '', 'home', 'index.php?option=com_content&view=category&layout=blog&id=7', 'component', 1, 1, 1, 22, 0, 0, '0000-00-00 00:00:00', 0, 1, '', 0, '{"layout_type":"blog","show_category_title":"","show_description":"","show_description_image":"","maxLevel":"","show_empty_categories":"","show_no_articles":"","show_subcat_desc":"","show_cat_num_articles":"","page_subheading":"","num_leading_articles":"0","num_intro_articles":"4","num_columns":"2","num_links":"","multi_column_order":"0","show_subcategory_content":"","orderby_pri":"","orderby_sec":"","order_date":"","show_pagination":"","show_pagination_results":"","show_title":"","link_titles":"","show_intro":"","show_category":"","link_category":"","show_parent_category":"","link_parent_category":"","show_author":"0","link_author":"","show_create_date":"","show_modify_date":"","show_publish_date":"","show_item_navigation":"","show_vote":"","show_readmore":"","show_readmore_title":"","show_icons":"","show_print_icon":"","show_email_icon":"","show_hits":"","show_noauth":"","show_feed_link":"","feed_summary":"","menu-anchor_title":"","menu-anchor_css":"","menu_image":"","menu_text":1,"page_title":"","show_page_heading":0,"page_heading":"","pageclass_sfx":"columnwidth-200","menu-meta_description":"","menu-meta_keywords":"","robots":"","secure":0}', 11, 28, 1, '*', 0),
(102, 'mainmenu', 'About Us', 'about-us', '', 'about-us', 'index.php?option=com_content&view=category&layout=blog&id=2', 'component', 1, 1, 1, 22, 0, 0, '0000-00-00 00:00:00', 0, 1, '', 0, '{"layout_type":"blog","show_category_title":"","show_description":"","show_description_image":"","maxLevel":"","show_empty_categories":"","show_no_articles":"","show_subcat_desc":"","show_cat_num_articles":"","page_subheading":"","num_leading_articles":"","num_intro_articles":"","num_columns":"","num_links":"","multi_column_order":"","show_subcategory_content":"","orderby_pri":"","orderby_sec":"alpha","order_date":"published","show_pagination":"","show_pagination_results":"","show_title":"","link_titles":"","show_intro":"0","show_category":"0","link_category":"","show_parent_category":"0","link_parent_category":"","show_author":"0","link_author":"","show_create_date":"0","show_modify_date":"0","show_publish_date":"0","show_item_navigation":"0","show_vote":"","show_readmore":"","show_readmore_title":"","show_icons":"","show_print_icon":"","show_email_icon":"","show_hits":"0","show_noauth":"","show_feed_link":"","feed_summary":"","menu-anchor_title":"","menu-anchor_css":"","menu_image":"","menu_text":1,"page_title":"","show_page_heading":0,"page_heading":"","pageclass_sfx":"","menu-meta_description":"","menu-meta_keywords":"","robots":"","secure":0}', 85, 90, 0, '*', 0),
(103, 'mainmenu', 'Module Variations', 'module-variations', '', 'about-us/module-variations', 'index.php?option=com_content&view=article&id=1', 'component', -2, 102, 2, 22, 0, 0, '0000-00-00 00:00:00', 0, 1, '', 0, '{"show_title":"","link_titles":"","show_intro":"","show_category":"0","link_category":"","show_parent_category":"","link_parent_category":"","show_author":"0","link_author":"","show_create_date":"0","show_modify_date":"","show_publish_date":"","show_item_navigation":"","show_vote":"","show_icons":"","show_print_icon":"","show_email_icon":"","show_hits":"","show_noauth":"","menu-anchor_title":"","menu-anchor_css":"","menu_image":"","menu_text":1,"page_title":"","show_page_heading":0,"page_heading":"","pageclass_sfx":"","menu-meta_description":"","menu-meta_keywords":"","robots":"","secure":0}', 86, 87, 0, '*', 0),
(104, 'mainmenu', 'Typography', 'typography', '', 'about-us/typography', 'index.php?option=com_content&view=article&id=4', 'component', -2, 102, 2, 22, 0, 0, '0000-00-00 00:00:00', 0, 1, '', 0, '{"show_title":"","link_titles":"","show_intro":"","show_category":"0","link_category":"","show_parent_category":"","link_parent_category":"","show_author":"0","link_author":"","show_create_date":"0","show_modify_date":"","show_publish_date":"","show_item_navigation":"","show_vote":"","show_icons":"","show_print_icon":"","show_email_icon":"","show_hits":"","show_noauth":"","menu-anchor_title":"","menu-anchor_css":"","menu_image":"","menu_text":1,"page_title":"","show_page_heading":0,"page_heading":"","pageclass_sfx":"","menu-meta_description":"","menu-meta_keywords":"","robots":"","secure":0}', 88, 89, 0, '*', 0),
(105, 'mainmenu', 'Icons', 'icons', '', 'icons', 'index.php?option=com_content&view=article&id=2', 'component', -2, 1, 1, 22, 0, 0, '0000-00-00 00:00:00', 0, 1, '', 0, '{"show_title":"","link_titles":"","show_intro":"","show_category":"0","link_category":"","show_parent_category":"","link_parent_category":"","show_author":"0","link_author":"","show_create_date":"0","show_modify_date":"","show_publish_date":"","show_item_navigation":"","show_vote":"","show_icons":"","show_print_icon":"","show_email_icon":"","show_hits":"","show_noauth":"","menu-anchor_title":"","menu-anchor_css":"","menu_image":"","menu_text":1,"page_title":"","show_page_heading":0,"page_heading":"","pageclass_sfx":"","menu-meta_description":"","menu-meta_keywords":"","robots":"","secure":0}', 53, 54, 0, '*', 0),
(106, 'mainmenu', 'Gallery', 'zoo', '', 'zoo', '', 'url', 1, 1, 1, 22, 0, 0, '0000-00-00 00:00:00', 0, 1, '', 0, '{"menu-anchor_title":"","menu-anchor_css":"","menu_image":"","menu_text":1}', 55, 56, 0, '*', 0),
(107, 'mainmenu', 'Contact Us', 'contact-us', '', 'contact-us', 'index.php?option=com_contact&view=contact&id=2', 'component', 1, 1, 1, 8, 0, 0, '0000-00-00 00:00:00', 0, 1, '', 0, '{"presentation_style":"","show_contact_category":"","show_contact_list":"","show_name":"","show_position":"","show_email":"","show_street_address":"","show_suburb":"","show_state":"","show_postcode":"","show_country":"","show_telephone":"","show_mobile":"","show_fax":"","show_webpage":"","show_misc":"","show_image":"","allow_vcard":"","show_articles":"","show_links":"","linka_name":"","linkb_name":"","linkc_name":"","linkd_name":"","linke_name":"","show_email_form":"","show_email_copy":"","banned_email":"","banned_subject":"","banned_text":"","validate_session":"","custom_reply":"","redirect":"","menu-anchor_title":"","menu-anchor_css":"","menu_image":"","menu_text":1,"page_title":"","show_page_heading":0,"page_heading":"","pageclass_sfx":"","menu-meta_description":"","menu-meta_keywords":"","robots":"","secure":0}', 57, 84, 0, '*', 0),
(124, 'mainmenu', 'Content||All com_content views', 'contentall-comcontent-views', '', 'contact-us/contentall-comcontent-views', '', 'separator', -2, 107, 2, 0, 0, 0, '0000-00-00 00:00:00', 0, 1, '', 0, '{"menu_image":"","menu_text":1}', 58, 65, 0, '*', 0),
(125, 'mainmenu', 'Other Components||Remaining component views', 'other-componentsremaining-component-views', '', 'contact-us/other-componentsremaining-component-views', '', 'separator', -2, 107, 2, 0, 0, 0, '0000-00-00 00:00:00', 0, 1, '', 0, '{"menu_image":"","menu_text":1}', 72, 83, 0, '*', 0),
(126, 'mainmenu', 'Category List', 'category-list', '', 'contact-us/contentall-comcontent-views/category-list', 'index.php?option=com_content&view=category&id=7', 'component', -2, 124, 3, 22, 0, 0, '0000-00-00 00:00:00', 0, 1, '', 0, '{"show_category_title":"","show_description":"","show_description_image":"","maxLevel":"","show_empty_categories":"","show_no_articles":"","show_subcat_desc":"","show_cat_num_articles":"","page_subheading":"","show_pagination_limit":"","filter_field":"","show_headings":"","list_show_date":"","date_format":"","list_show_hits":"","list_show_author":"","orderby_pri":"","orderby_sec":"","order_date":"","show_pagination":"","show_pagination_results":"","display_num":"10","show_title":"","link_titles":"","show_intro":"","show_category":"","link_category":"","show_parent_category":"","link_parent_category":"","show_author":"","link_author":"","show_create_date":"","show_modify_date":"","show_publish_date":"","show_item_navigation":"","show_vote":"","show_readmore":"","show_readmore_title":"","show_icons":"","show_print_icon":"","show_email_icon":"","show_hits":"","show_noauth":"","show_feed_link":"","feed_summary":"","menu-anchor_title":"","menu-anchor_css":"","menu_image":"","menu_text":1,"page_title":"","show_page_heading":1,"page_heading":"Blog","pageclass_sfx":"","menu-meta_description":"","menu-meta_keywords":"","robots":"","secure":0}', 63, 64, 0, '*', 0),
(127, 'mainmenu', 'List All Categories', 'list-all-categories', '', 'contact-us/contentall-comcontent-views/list-all-categories', 'index.php?option=com_content&view=categories&id=0', 'component', -2, 124, 3, 22, 0, 0, '0000-00-00 00:00:00', 0, 1, '', 0, '{"show_base_description":"","categories_description":"","maxLevelcat":"","show_empty_categories_cat":"","show_subcat_desc_cat":"","show_cat_num_articles_cat":"","show_category_title":"","show_description":"","show_description_image":"","maxLevel":"","show_empty_categories":"","show_no_articles":"","show_subcat_desc":"","show_cat_num_articles":"","num_leading_articles":"1","num_intro_articles":"4","num_columns":"2","num_links":"4","multi_column_order":"","show_subcategory_content":"","orderby_pri":"","orderby_sec":"","order_date":"","show_pagination":"","show_pagination_results":"","show_pagination_limit":"","filter_field":"","show_headings":"","list_show_date":"","date_format":"","list_show_hits":"","list_show_author":"","display_num":"10","show_title":"","link_titles":"","show_intro":"","show_category":"","link_category":"","show_parent_category":"","link_parent_category":"","show_author":"","link_author":"","show_create_date":"","show_modify_date":"","show_publish_date":"","show_item_navigation":"","show_vote":"","show_readmore":"","show_readmore_title":"","show_icons":"","show_print_icon":"","show_email_icon":"","show_hits":"","show_noauth":"","show_feed_link":"","feed_summary":"","menu-anchor_title":"","menu-anchor_css":"","menu_image":"","menu_text":1,"page_title":"","show_page_heading":1,"page_heading":"Blog","pageclass_sfx":"","menu-meta_description":"","menu-meta_keywords":"","robots":"","secure":0}', 61, 62, 0, '*', 0),
(128, 'mainmenu', 'Featured Articles', 'featured-articles', '', 'contact-us/contentall-comcontent-views/featured-articles', 'index.php?option=com_content&view=featured', 'component', -2, 124, 3, 22, 0, 0, '0000-00-00 00:00:00', 0, 1, '', 0, '{"featured_categories":[""],"layout_type":"blog","num_leading_articles":"1","num_intro_articles":"4","num_columns":"2","num_links":"4","multi_column_order":"","orderby_pri":"","orderby_sec":"","order_date":"","show_pagination":"","show_pagination_results":"","show_title":"","link_titles":"","show_intro":"","show_category":"","link_category":"","show_parent_category":"","link_parent_category":"","show_author":"","link_author":"","show_create_date":"","show_modify_date":"","show_publish_date":"","show_item_navigation":"","show_vote":"","show_readmore":"","show_readmore_title":"","show_icons":"","show_print_icon":"","show_email_icon":"","show_hits":"","show_noauth":"","show_feed_link":"","feed_summary":"","menu-anchor_title":"","menu-anchor_css":"","menu_image":"","menu_text":1,"page_title":"","show_page_heading":0,"page_heading":"","pageclass_sfx":"","menu-meta_description":"","menu-meta_keywords":"","robots":"","secure":0}', 59, 60, 0, '*', 0),
(129, 'mainmenu', 'Login', 'login', '', 'contact-us/other-componentsremaining-component-views/login', 'index.php?option=com_users&view=login', 'component', -2, 125, 3, 25, 0, 0, '0000-00-00 00:00:00', 0, 1, '', 0, '{"login_redirect_url":"","logindescription_show":"1","login_description":"","login_image":"","logout_redirect_url":"","logoutdescription_show":"1","logout_description":"","logout_image":"","menu-anchor_title":"","menu-anchor_css":"","menu_image":"","menu_text":1,"page_title":"","show_page_heading":1,"page_heading":"Login","pageclass_sfx":"","menu-meta_description":"","menu-meta_keywords":"","robots":"","secure":0}', 75, 76, 0, '*', 0),
(130, 'mainmenu', 'Registration', 'registration', '', 'contact-us/other-componentsremaining-component-views/registration', 'index.php?option=com_users&view=registration', 'component', -2, 125, 3, 25, 0, 0, '0000-00-00 00:00:00', 0, 1, '', 0, '{"menu-anchor_title":"","menu-anchor_css":"","menu_image":"","menu_text":1,"page_title":"","show_page_heading":1,"page_heading":"Registration","pageclass_sfx":"","menu-meta_description":"","menu-meta_keywords":"","robots":"","secure":0}', 77, 78, 0, '*', 0),
(132, 'mainmenu', 'Products', 'widgetkit', '', 'widgetkit', '', 'url', 1, 1, 1, 22, 0, 0, '0000-00-00 00:00:00', 0, 1, '', 0, '{"menu-anchor_title":"","menu-anchor_css":"","menu_image":"","menu_text":1}', 29, 52, 0, '*', 0),
(133, 'mainmenu', 'Beauty', 'beauty', '', 'widgetkit/beauty', 'index.php?option=com_content&view=article&id=61', 'component', 1, 132, 2, 22, 0, 0, '0000-00-00 00:00:00', 0, 1, '', 0, '{"show_title":"0","link_titles":"","show_intro":"0","show_category":"0","link_category":"","show_parent_category":"0","link_parent_category":"","show_author":"0","link_author":"","show_create_date":"0","show_modify_date":"0","show_publish_date":"0","show_item_navigation":"0","show_vote":"0","show_icons":"0","show_print_icon":"0","show_email_icon":"0","show_hits":"0","show_noauth":"0","urls_position":"","menu-anchor_title":"","menu-anchor_css":"","menu_image":"","menu_text":1,"page_title":"","show_page_heading":0,"page_heading":"","pageclass_sfx":"","menu-meta_description":"","menu-meta_keywords":"","robots":"","secure":0}', 40, 41, 0, '*', 0),
(134, 'mainmenu', 'Suits', 'suits', '', 'widgetkit/suits', 'index.php?option=com_content&view=article&id=62', 'component', 1, 132, 2, 22, 0, 0, '0000-00-00 00:00:00', 0, 1, '', 0, '{"show_title":"0","link_titles":"","show_intro":"0","show_category":"0","link_category":"","show_parent_category":"0","link_parent_category":"","show_author":"0","link_author":"","show_create_date":"0","show_modify_date":"0","show_publish_date":"","show_item_navigation":"0","show_vote":"0","show_icons":"0","show_print_icon":"0","show_email_icon":"0","show_hits":"0","show_noauth":"0","urls_position":"","menu-anchor_title":"","menu-anchor_css":"","menu_image":"","menu_text":1,"page_title":"","show_page_heading":0,"page_heading":"","pageclass_sfx":"","menu-meta_description":"","menu-meta_keywords":"","robots":"","secure":0}', 42, 43, 0, '*', 0),
(135, 'mainmenu', 'Gowns', 'gowns', '', 'widgetkit/gowns', 'index.php?option=com_content&view=article&id=63', 'component', 1, 132, 2, 22, 0, 0, '0000-00-00 00:00:00', 0, 1, '', 0, '{"show_title":"0","link_titles":"","show_intro":"0","show_category":"0","link_category":"","show_parent_category":"0","link_parent_category":"","show_author":"0","link_author":"","show_create_date":"0","show_modify_date":"0","show_publish_date":"0","show_item_navigation":"0","show_vote":"0","show_icons":"0","show_print_icon":"0","show_email_icon":"0","show_hits":"0","show_noauth":"0","urls_position":"","menu-anchor_title":"","menu-anchor_css":"","menu_image":"","menu_text":1,"page_title":"","show_page_heading":0,"page_heading":"","pageclass_sfx":"","menu-meta_description":"","menu-meta_keywords":"","robots":"","secure":0}', 44, 45, 0, '*', 0),
(136, 'mainmenu', 'Accessories', 'accessories', '', 'widgetkit/accessories', 'index.php?option=com_content&view=article&id=64', 'component', 1, 132, 2, 22, 0, 0, '0000-00-00 00:00:00', 0, 1, '', 0, '{"show_title":"0","link_titles":"","show_intro":"0","show_category":"0","link_category":"","show_parent_category":"0","link_parent_category":"","show_author":"0","link_author":"","show_create_date":"0","show_modify_date":"0","show_publish_date":"0","show_item_navigation":"0","show_vote":"0","show_icons":"0","show_print_icon":"0","show_email_icon":"0","show_hits":"0","show_noauth":"0","urls_position":"","menu-anchor_title":"","menu-anchor_css":"","menu_image":"","menu_text":1,"page_title":"","show_page_heading":0,"page_heading":"","pageclass_sfx":"","menu-meta_description":"","menu-meta_keywords":"","robots":"","secure":0}', 46, 47, 0, '*', 0),
(140, 'mainmenu', 'Bags', 'bags', '', 'widgetkit/bags', 'index.php?option=com_content&view=article&id=65', 'component', 1, 132, 2, 22, 0, 0, '0000-00-00 00:00:00', 0, 1, '', 0, '{"show_title":"0","link_titles":"","show_intro":"0","show_category":"0","link_category":"","show_parent_category":"0","link_parent_category":"","show_author":"0","link_author":"","show_create_date":"0","show_modify_date":"0","show_publish_date":"0","show_item_navigation":"0","show_vote":"0","show_icons":"0","show_print_icon":"0","show_email_icon":"0","show_hits":"0","show_noauth":"0","urls_position":"","menu-anchor_title":"","menu-anchor_css":"","menu_image":"","menu_text":1,"page_title":"","show_page_heading":0,"page_heading":"","pageclass_sfx":"","menu-meta_description":"","menu-meta_keywords":"","robots":"","secure":0}', 48, 49, 0, '*', 0),
(141, 'mainmenu', 'Men''s Wear', 'men-s-wear', '', 'widgetkit/men-s-wear', 'index.php?option=com_content&view=article&id=51', 'component', 1, 132, 2, 22, 0, 0, '0000-00-00 00:00:00', 0, 1, '', 0, '{"show_title":"0","link_titles":"","show_intro":"0","show_category":"0","link_category":"","show_parent_category":"0","link_parent_category":"","show_author":"0","link_author":"","show_create_date":"0","show_modify_date":"0","show_publish_date":"0","show_item_navigation":"0","show_vote":"0","show_icons":"0","show_print_icon":"0","show_email_icon":"0","show_hits":"0","show_noauth":"0","urls_position":"","menu-anchor_title":"","menu-anchor_css":"","menu_image":"","menu_text":1,"page_title":"","show_page_heading":0,"page_heading":"","pageclass_sfx":"","menu-meta_description":"","menu-meta_keywords":"","robots":"","secure":0}', 30, 31, 0, '*', 0),
(142, 'mainmenu', 'Jeans', 'jeans', '', 'widgetkit/jeans', 'index.php?option=com_content&view=article&id=60', 'component', 1, 132, 2, 22, 0, 0, '0000-00-00 00:00:00', 0, 1, '', 0, '{"show_title":"0","link_titles":"","show_intro":"0","show_category":"0","link_category":"","show_parent_category":"0","link_parent_category":"","show_author":"0","link_author":"","show_create_date":"0","show_modify_date":"0","show_publish_date":"0","show_item_navigation":"0","show_vote":"0","show_icons":"0","show_print_icon":"0","show_email_icon":"0","show_hits":"0","show_noauth":"0","urls_position":"","menu-anchor_title":"","menu-anchor_css":"","menu_image":"","menu_text":1,"page_title":"","show_page_heading":0,"page_heading":"","pageclass_sfx":"","menu-meta_description":"","menu-meta_keywords":"","robots":"","secure":0}', 38, 39, 0, '*', 0),
(143, 'mainmenu', 'Kid''s Wear', 'kids-wear', '', 'widgetkit/kids-wear', 'index.php?option=com_content&view=article&id=58', 'component', 1, 132, 2, 22, 0, 0, '0000-00-00 00:00:00', 0, 1, '', 0, '{"show_title":"0","link_titles":"","show_intro":"0","show_category":"0","link_category":"","show_parent_category":"0","link_parent_category":"","show_author":"0","link_author":"","show_create_date":"0","show_modify_date":"0","show_publish_date":"0","show_item_navigation":"0","show_vote":"0","show_icons":"0","show_print_icon":"0","show_email_icon":"0","show_hits":"0","show_noauth":"0","urls_position":"","menu-anchor_title":"","menu-anchor_css":"","menu_image":"","menu_text":1,"page_title":"","show_page_heading":0,"page_heading":"","pageclass_sfx":"","menu-meta_description":"","menu-meta_keywords":"","robots":"","secure":0}', 34, 35, 0, '*', 0),
(144, 'mainmenu', 'Garments', 'garments', '', 'widgetkit/garments', 'index.php?option=com_content&view=article&id=59', 'component', 1, 132, 2, 22, 0, 0, '0000-00-00 00:00:00', 0, 1, '', 0, '{"show_title":"0","link_titles":"","show_intro":"0","show_category":"0","link_category":"","show_parent_category":"0","link_parent_category":"","show_author":"0","link_author":"","show_create_date":"0","show_modify_date":"0","show_publish_date":"0","show_item_navigation":"0","show_vote":"0","show_icons":"0","show_print_icon":"0","show_email_icon":"0","show_hits":"0","show_noauth":"0","urls_position":"","menu-anchor_title":"","menu-anchor_css":"","menu_image":"","menu_text":1,"page_title":"","show_page_heading":0,"page_heading":"","pageclass_sfx":"","menu-meta_description":"","menu-meta_keywords":"","robots":"","secure":0}', 36, 37, 0, '*', 0),
(150, 'mainmenu', 'Contact || All com_contact views', 'contact--all-comcontact-views', '', 'contact-us/contact--all-comcontact-views', '', 'separator', -2, 107, 2, 0, 0, 0, '0000-00-00 00:00:00', 0, 1, '', 0, '{"menu_image":"","menu_text":1}', 66, 71, 0, '*', 0),
(151, 'mainmenu', 'Contact Category', 'contact-category', '', 'contact-us/contact--all-comcontact-views/contact-category', 'index.php?option=com_contact&view=category&id=8', 'component', -2, 150, 3, 8, 0, 0, '0000-00-00 00:00:00', 0, 1, '', 0, '{"show_category_title":"","show_description":"","show_description_image":"","maxLevel":"","show_empty_categories":"","show_subcat_desc":"","show_cat_items":"","show_pagination_limit":"","show_headings":"","show_position_headings":"","show_email_headings":"","show_telephone_headings":"","show_mobile_headings":"","show_fax_headings":"","show_suburb_headings":"","show_state_headings":"","show_country_headings":"","show_pagination":"","show_pagination_results":"","initial_sort":"","presentation_style":"","show_contact_category":"","show_contact_list":"","show_name":"","show_position":"","show_email":"","show_street_address":"","show_suburb":"","show_state":"","show_postcode":"","show_country":"","show_telephone":"","show_mobile":"","show_fax":"","show_webpage":"","show_misc":"","show_image":"","allow_vcard":"","show_articles":"","show_links":"","linka_name":"","linkb_name":"","linkc_name":"","linkd_name":"","linke_name":"","show_email_form":"","show_email_copy":"","banned_email":"","banned_subject":"","banned_text":"","validate_session":"","custom_reply":"","redirect":"","show_feed_link":"","menu-anchor_title":"","menu-anchor_css":"","menu_image":"","menu_text":1,"page_title":"","show_page_heading":0,"page_heading":"","pageclass_sfx":"","menu-meta_description":"","menu-meta_keywords":"","robots":"","secure":0}', 67, 68, 0, '*', 0),
(152, 'mainmenu', 'Contact Item', 'contact-item', '', 'contact-us/contact--all-comcontact-views/contact-item', 'index.php?option=com_contact&view=contact&id=1', 'component', -2, 150, 3, 8, 0, 0, '0000-00-00 00:00:00', 0, 1, '', 0, '{"presentation_style":"","show_contact_category":"","show_contact_list":"","show_name":"","show_position":"","show_email":"","show_street_address":"","show_suburb":"","show_state":"","show_postcode":"","show_country":"","show_telephone":"","show_mobile":"","show_fax":"","show_webpage":"","show_misc":"","show_image":"","allow_vcard":"","show_articles":"","show_links":"","linka_name":"","linkb_name":"","linkc_name":"","linkd_name":"","linke_name":"","show_email_form":"","show_email_copy":"","banned_email":"","banned_subject":"","banned_text":"","validate_session":"","custom_reply":"","redirect":"","menu-anchor_title":"","menu-anchor_css":"","menu_image":"","menu_text":1,"page_title":"","show_page_heading":0,"page_heading":"","pageclass_sfx":"","menu-meta_description":"","menu-meta_keywords":"","robots":"","secure":0}', 69, 70, 0, '*', 0),
(153, 'mainmenu', 'Remind', 'remind', '', 'contact-us/other-componentsremaining-component-views/remind', 'index.php?option=com_users&view=remind', 'component', -2, 125, 3, 25, 0, 0, '0000-00-00 00:00:00', 0, 1, '', 0, '{"menu-anchor_title":"","menu-anchor_css":"","menu_image":"","menu_text":1,"page_title":"","show_page_heading":1,"page_heading":"Forgot your Username?","pageclass_sfx":"","menu-meta_description":"","menu-meta_keywords":"","robots":"","secure":0}', 79, 80, 0, '*', 0),
(154, 'mainmenu', 'Reset', 'reset', '', 'contact-us/other-componentsremaining-component-views/reset', 'index.php?option=com_users&view=reset', 'component', -2, 125, 3, 25, 0, 0, '0000-00-00 00:00:00', 0, 1, '', 0, '{"menu-anchor_title":"","menu-anchor_css":"","menu_image":"","menu_text":1,"page_title":"","show_page_heading":1,"page_heading":"Forgot your Password?","pageclass_sfx":"","menu-meta_description":"","menu-meta_keywords":"","robots":"","secure":0}', 81, 82, 0, '*', 0),
(155, 'mainmenu', 'Web Links', 'web-links', '', 'contact-us/other-componentsremaining-component-views/web-links', 'index.php?option=com_weblinks&view=categories&id=0', 'component', -2, 125, 3, 21, 0, 0, '0000-00-00 00:00:00', 0, 1, '', 0, '{"show_base_description":"1","categories_description":"We are regularly out on the Web. When we find a great site we list it.","maxLevelcat":"-1","show_empty_categories_cat":"","show_subcat_desc_cat":"","show_cat_num_links_cat":"","show_category_title":"","show_description":"","show_description_image":"","maxLevel":"","show_empty_categories":"","show_subcat_desc":"","show_cat_num_links":"","show_pagination_limit":"","show_headings":"","show_link_description":"","show_link_hits":"","show_pagination":"","show_pagination_results":"","menu-anchor_title":"","menu-anchor_css":"","menu_image":"","menu_text":1,"page_title":"","show_page_heading":1,"page_heading":"Web Links","pageclass_sfx":"","menu-meta_description":"","menu-meta_keywords":"","robots":"","secure":0}', 73, 74, 0, '*', 0),
(179, 'mainmenu', 'Default', '2012-10-02-15-00-33', '', 'home/2012-10-02-15-00-33', '?profile=default', 'url', -2, 101, 2, 0, 0, 0, '0000-00-00 00:00:00', 0, 1, '', 0, '{"menu-anchor_title":"","menu-anchor_css":"","menu_image":"","menu_text":1}', 12, 13, 0, '*', 0),
(180, 'mainmenu', 'White', '2012-10-02-15-00-34', '', 'home/2012-10-02-15-00-34', '?profile=white', 'url', -2, 101, 2, 0, 0, 0, '0000-00-00 00:00:00', 0, 1, '', 0, '{"menu-anchor_title":"","menu-anchor_css":"","menu_image":"","menu_text":1}', 18, 19, 0, '*', 0),
(181, 'mainmenu', 'Bridge White', '2012-10-02-15-00-35', '', 'home/2012-10-02-15-00-35', '?profile=bridgewhite', 'url', -2, 101, 2, 0, 0, 0, '0000-00-00 00:00:00', 0, 1, '', 0, '{"menu-anchor_title":"","menu-anchor_css":"","menu_image":"","menu_text":1}', 14, 15, 0, '*', 0),
(182, 'mainmenu', 'Road White', '2012-10-02-15-00-36', '', 'home/2012-10-02-15-00-36', '?profile=roadwhite', 'url', -2, 101, 2, 0, 0, 0, '0000-00-00 00:00:00', 0, 1, '', 0, '{"menu-anchor_title":"","menu-anchor_css":"","menu_image":"","menu_text":1}', 20, 21, 0, '*', 0),
(183, 'mainmenu', 'Street Black', '2012-10-02-15-00-37', '', 'home/2012-10-02-15-00-37', '?profile=streetblack', 'url', -2, 101, 2, 0, 0, 0, '0000-00-00 00:00:00', 0, 1, '', 0, '{"menu-anchor_title":"","menu-anchor_css":"","menu_image":"","menu_text":1}', 24, 25, 0, '*', 0),
(189, 'mainmenu', 'Stripe White ', '2012-10-02-15-00-40', '', 'home/2012-10-02-15-00-40', '?profile=stripewhite', 'url', -2, 101, 2, 0, 0, 0, '0000-00-00 00:00:00', 0, 1, '', 0, '{"menu-anchor_title":"","menu-anchor_css":"","menu_image":"","menu_text":1}', 22, 23, 0, '*', 0),
(190, 'mainmenu', 'Stripe Black', '2012-10-02-15-00-41', '', 'home/2012-10-02-15-00-41', '?profile=stripeblack', 'url', -2, 101, 2, 0, 0, 0, '0000-00-00 00:00:00', 0, 1, '', 0, '{"menu-anchor_title":"","menu-anchor_css":"","menu_image":"","menu_text":1}', 26, 27, 0, '*', 0),
(191, 'mainmenu', 'City Black', '2012-10-02-15-00-42', '', 'home/2012-10-02-15-00-42', '?profile=cityblack', 'url', -2, 101, 2, 0, 0, 0, '0000-00-00 00:00:00', 0, 1, '', 0, '{"menu-anchor_title":"","menu-anchor_css":"","menu_image":"","menu_text":1}', 16, 17, 0, '*', 0),
(198, 'main', 'COM_WIDGETKIT', 'com-widgetkit', '', 'com-widgetkit', 'index.php?option=com_widgetkit', 'component', 0, 1, 1, 10005, 0, 0, '0000-00-00 00:00:00', 0, 1, 'components/com_widgetkit/images/widgetkit_16.png', 0, '', 157, 158, 0, '', 1),
(199, 'main', 'JCE', 'jce', '', 'jce', 'index.php?option=com_jce', 'component', 0, 1, 1, 10032, 0, 0, '0000-00-00 00:00:00', 0, 1, 'components/com_jce/media/img/menu/logo.png', 0, '', 159, 168, 0, '', 1),
(200, 'main', 'WF_MENU_CPANEL', 'wf-menu-cpanel', '', 'jce/wf-menu-cpanel', 'index.php?option=com_jce', 'component', 0, 199, 2, 10032, 0, 0, '0000-00-00 00:00:00', 0, 1, 'components/com_jce/media/img/menu/jce-cpanel.png', 0, '', 160, 161, 0, '', 1),
(201, 'main', 'WF_MENU_CONFIG', 'wf-menu-config', '', 'jce/wf-menu-config', 'index.php?option=com_jce&view=config', 'component', 0, 199, 2, 10032, 0, 0, '0000-00-00 00:00:00', 0, 1, 'components/com_jce/media/img/menu/jce-config.png', 0, '', 162, 163, 0, '', 1),
(202, 'main', 'WF_MENU_PROFILES', 'wf-menu-profiles', '', 'jce/wf-menu-profiles', 'index.php?option=com_jce&view=profiles', 'component', 0, 199, 2, 10032, 0, 0, '0000-00-00 00:00:00', 0, 1, 'components/com_jce/media/img/menu/jce-profiles.png', 0, '', 164, 165, 0, '', 1),
(203, 'main', 'WF_MENU_INSTALL', 'wf-menu-install', '', 'jce/wf-menu-install', 'index.php?option=com_jce&view=installer', 'component', 0, 199, 2, 10032, 0, 0, '0000-00-00 00:00:00', 0, 1, 'components/com_jce/media/img/menu/jce-install.png', 0, '', 166, 167, 0, '', 1),
(204, 'mainmenu', 'Ladies''s Wear', 'ladies-wear', '', 'widgetkit/ladies-wear', 'index.php?option=com_content&view=article&id=57', 'component', 1, 132, 2, 22, 0, 0, '0000-00-00 00:00:00', 0, 1, '', 0, '{"show_title":"0","link_titles":"1","show_intro":"0","show_category":"0","link_category":"","show_parent_category":"0","link_parent_category":"","show_author":"0","link_author":"","show_create_date":"0","show_modify_date":"0","show_publish_date":"0","show_item_navigation":"0","show_vote":"0","show_icons":"0","show_print_icon":"0","show_email_icon":"0","show_hits":"0","show_noauth":"0","urls_position":"","menu-anchor_title":"","menu-anchor_css":"","menu_image":"","menu_text":1,"page_title":"","show_page_heading":0,"page_heading":"","pageclass_sfx":"","menu-meta_description":"","menu-meta_keywords":"","robots":"","secure":0}', 32, 33, 0, '*', 0),
(205, 'mainmenu', 'Shoes', 'shoes', '', 'widgetkit/shoes', 'index.php?option=com_content&view=article&id=66', 'component', 1, 132, 2, 22, 0, 0, '0000-00-00 00:00:00', 0, 1, '', 0, '{"show_title":"0","link_titles":"","show_intro":"0","show_category":"0","link_category":"","show_parent_category":"0","link_parent_category":"","show_author":"0","link_author":"","show_create_date":"0","show_modify_date":"0","show_publish_date":"0","show_item_navigation":"0","show_vote":"0","show_icons":"0","show_print_icon":"0","show_email_icon":"0","show_hits":"0","show_noauth":"0","urls_position":"","menu-anchor_title":"","menu-anchor_css":"","menu_image":"","menu_text":1,"page_title":"","show_page_heading":0,"page_heading":"","pageclass_sfx":"","menu-meta_description":"","menu-meta_keywords":"","robots":"","secure":0}', 50, 51, 0, '*', 0),
(206, 'side-menu', 'Men''s Wear', 'men-s-wear', '', 'men-s-wear', 'index.php?option=com_content&view=article&id=51', 'component', 1, 1, 1, 22, 0, 0, '0000-00-00 00:00:00', 0, 1, '', 0, '{"show_title":"0","link_titles":"","show_intro":"0","show_category":"0","link_category":"","show_parent_category":"0","link_parent_category":"","show_author":"0","link_author":"","show_create_date":"0","show_modify_date":"0","show_publish_date":"0","show_item_navigation":"0","show_vote":"0","show_icons":"0","show_print_icon":"0","show_email_icon":"0","show_hits":"0","show_noauth":"0","urls_position":"","menu-anchor_title":"","menu-anchor_css":"","menu_image":"","menu_text":1,"page_title":"","show_page_heading":0,"page_heading":"","pageclass_sfx":"","menu-meta_description":"","menu-meta_keywords":"","robots":"","secure":0}', 169, 170, 0, '*', 0),
(207, 'side-menu', 'Ladies Wear', 'ladies-wear', '', 'ladies-wear', 'index.php?option=com_content&view=article&id=57', 'component', 1, 1, 1, 22, 0, 0, '0000-00-00 00:00:00', 0, 1, '', 0, '{"show_title":"0","link_titles":"","show_intro":"0","show_category":"0","link_category":"","show_parent_category":"0","link_parent_category":"","show_author":"0","link_author":"","show_create_date":"0","show_modify_date":"0","show_publish_date":"0","show_item_navigation":"0","show_vote":"0","show_icons":"0","show_print_icon":"0","show_email_icon":"0","show_hits":"0","show_noauth":"0","urls_position":"","menu-anchor_title":"","menu-anchor_css":"","menu_image":"","menu_text":1,"page_title":"","show_page_heading":0,"page_heading":"","pageclass_sfx":"","menu-meta_description":"","menu-meta_keywords":"","robots":"","secure":0}', 171, 172, 0, '*', 0),
(208, 'side-menu', 'Kid''s Wear', 'kid-s-wear', '', 'kid-s-wear', 'index.php?option=com_content&view=article&id=58', 'component', 1, 1, 1, 22, 0, 0, '0000-00-00 00:00:00', 0, 1, '', 0, '{"show_title":"0","link_titles":"","show_intro":"0","show_category":"0","link_category":"","show_parent_category":"0","link_parent_category":"","show_author":"0","link_author":"","show_create_date":"0","show_modify_date":"0","show_publish_date":"0","show_item_navigation":"0","show_vote":"0","show_icons":"0","show_print_icon":"0","show_email_icon":"0","show_hits":"0","show_noauth":"","urls_position":"","menu-anchor_title":"","menu-anchor_css":"","menu_image":"","menu_text":1,"page_title":"","show_page_heading":0,"page_heading":"","pageclass_sfx":"","menu-meta_description":"","menu-meta_keywords":"","robots":"","secure":0}', 173, 174, 0, '*', 0),
(209, 'side-menu', 'Garments', 'garments', '', 'garments', 'index.php?option=com_content&view=article&id=59', 'component', 1, 1, 1, 22, 0, 0, '0000-00-00 00:00:00', 0, 1, '', 0, '{"show_title":"0","link_titles":"","show_intro":"0","show_category":"0","link_category":"","show_parent_category":"0","link_parent_category":"","show_author":"0","link_author":"","show_create_date":"0","show_modify_date":"0","show_publish_date":"0","show_item_navigation":"0","show_vote":"0","show_icons":"0","show_print_icon":"0","show_email_icon":"0","show_hits":"0","show_noauth":"0","urls_position":"","menu-anchor_title":"","menu-anchor_css":"","menu_image":"","menu_text":1,"page_title":"","show_page_heading":0,"page_heading":"","pageclass_sfx":"","menu-meta_description":"","menu-meta_keywords":"","robots":"","secure":0}', 175, 176, 0, '*', 0),
(210, 'side-menu', 'Jeans', 'jeans', '', 'jeans', 'index.php?option=com_content&view=article&id=60', 'component', 1, 1, 1, 22, 0, 0, '0000-00-00 00:00:00', 0, 1, '', 0, '{"show_title":"0","link_titles":"","show_intro":"0","show_category":"0","link_category":"","show_parent_category":"0","link_parent_category":"","show_author":"0","link_author":"","show_create_date":"0","show_modify_date":"0","show_publish_date":"0","show_item_navigation":"0","show_vote":"0","show_icons":"0","show_print_icon":"0","show_email_icon":"0","show_hits":"","show_noauth":"0","urls_position":"","menu-anchor_title":"","menu-anchor_css":"","menu_image":"","menu_text":1,"page_title":"","show_page_heading":0,"page_heading":"","pageclass_sfx":"","menu-meta_description":"","menu-meta_keywords":"","robots":"","secure":0}', 177, 178, 0, '*', 0),
(211, 'side-menu', 'Beauty', 'beauty', '', 'beauty', 'index.php?option=com_content&view=article&id=61', 'component', 1, 1, 1, 22, 0, 0, '0000-00-00 00:00:00', 0, 1, '', 0, '{"show_title":"0","link_titles":"","show_intro":"0","show_category":"0","link_category":"","show_parent_category":"0","link_parent_category":"","show_author":"0","link_author":"","show_create_date":"0","show_modify_date":"0","show_publish_date":"0","show_item_navigation":"0","show_vote":"0","show_icons":"0","show_print_icon":"0","show_email_icon":"0","show_hits":"0","show_noauth":"0","urls_position":"","menu-anchor_title":"","menu-anchor_css":"","menu_image":"","menu_text":1,"page_title":"","show_page_heading":0,"page_heading":"","pageclass_sfx":"","menu-meta_description":"","menu-meta_keywords":"","robots":"","secure":0}', 179, 180, 0, '*', 0),
(212, 'side-menu', 'Suits', 'suits', '', 'suits', 'index.php?option=com_content&view=article&id=62', 'component', 1, 1, 1, 22, 0, 0, '0000-00-00 00:00:00', 0, 1, '', 0, '{"show_title":"0","link_titles":"","show_intro":"0","show_category":"0","link_category":"","show_parent_category":"0","link_parent_category":"","show_author":"0","link_author":"","show_create_date":"0","show_modify_date":"0","show_publish_date":"0","show_item_navigation":"0","show_vote":"0","show_icons":"0","show_print_icon":"0","show_email_icon":"0","show_hits":"0","show_noauth":"0","urls_position":"","menu-anchor_title":"","menu-anchor_css":"","menu_image":"","menu_text":1,"page_title":"","show_page_heading":0,"page_heading":"","pageclass_sfx":"","menu-meta_description":"","menu-meta_keywords":"","robots":"","secure":0}', 181, 182, 0, '*', 0),
(213, 'side-menu', 'Gowns', 'gowns', '', 'gowns', 'index.php?option=com_content&view=article&id=63', 'component', 1, 1, 1, 22, 0, 0, '0000-00-00 00:00:00', 0, 1, '', 0, '{"show_title":"0","link_titles":"","show_intro":"0","show_category":"0","link_category":"","show_parent_category":"0","link_parent_category":"","show_author":"0","link_author":"","show_create_date":"0","show_modify_date":"0","show_publish_date":"0","show_item_navigation":"0","show_vote":"0","show_icons":"0","show_print_icon":"0","show_email_icon":"0","show_hits":"0","show_noauth":"0","urls_position":"","menu-anchor_title":"","menu-anchor_css":"","menu_image":"","menu_text":1,"page_title":"","show_page_heading":0,"page_heading":"","pageclass_sfx":"","menu-meta_description":"","menu-meta_keywords":"","robots":"","secure":0}', 183, 184, 0, '*', 0),
(214, 'side-menu', 'Accessories', 'accessories', '', 'accessories', 'index.php?option=com_content&view=article&id=64', 'component', 1, 1, 1, 22, 0, 0, '0000-00-00 00:00:00', 0, 1, '', 0, '{"show_title":"0","link_titles":"","show_intro":"0","show_category":"0","link_category":"","show_parent_category":"0","link_parent_category":"","show_author":"0","link_author":"","show_create_date":"0","show_modify_date":"0","show_publish_date":"0","show_item_navigation":"0","show_vote":"0","show_icons":"0","show_print_icon":"0","show_email_icon":"0","show_hits":"0","show_noauth":"","urls_position":"","menu-anchor_title":"","menu-anchor_css":"","menu_image":"","menu_text":1,"page_title":"","show_page_heading":0,"page_heading":"","pageclass_sfx":"","menu-meta_description":"","menu-meta_keywords":"","robots":"","secure":0}', 185, 186, 0, '*', 0),
(215, 'side-menu', 'Bags', 'bags', '', 'bags', 'index.php?option=com_content&view=article&id=65', 'component', 1, 1, 1, 22, 0, 0, '0000-00-00 00:00:00', 0, 1, '', 0, '{"show_title":"0","link_titles":"","show_intro":"0","show_category":"0","link_category":"","show_parent_category":"0","link_parent_category":"","show_author":"0","link_author":"","show_create_date":"0","show_modify_date":"0","show_publish_date":"0","show_item_navigation":"0","show_vote":"0","show_icons":"0","show_print_icon":"0","show_email_icon":"0","show_hits":"0","show_noauth":"0","urls_position":"","menu-anchor_title":"","menu-anchor_css":"","menu_image":"","menu_text":1,"page_title":"","show_page_heading":0,"page_heading":"","pageclass_sfx":"","menu-meta_description":"","menu-meta_keywords":"","robots":"","secure":0}', 187, 188, 0, '*', 0),
(216, 'side-menu', 'Shoes', 'shoes', '', 'shoes', 'index.php?option=com_content&view=article&id=66', 'component', 1, 1, 1, 22, 0, 0, '0000-00-00 00:00:00', 0, 1, '', 0, '{"show_title":"0","link_titles":"","show_intro":"0","show_category":"0","link_category":"","show_parent_category":"0","link_parent_category":"","show_author":"0","link_author":"","show_create_date":"0","show_modify_date":"0","show_publish_date":"0","show_item_navigation":"0","show_vote":"0","show_icons":"0","show_print_icon":"0","show_email_icon":"0","show_hits":"0","show_noauth":"0","urls_position":"","menu-anchor_title":"","menu-anchor_css":"","menu_image":"","menu_text":1,"page_title":"","show_page_heading":0,"page_heading":"","pageclass_sfx":"","menu-meta_description":"","menu-meta_keywords":"","robots":"","secure":0}', 189, 190, 0, '*', 0);

-- --------------------------------------------------------

--
-- Table structure for table `pjyu3_menu_types`
--

CREATE TABLE IF NOT EXISTS `pjyu3_menu_types` (
  `id` int(10) unsigned NOT NULL AUTO_INCREMENT,
  `menutype` varchar(24) NOT NULL,
  `title` varchar(48) NOT NULL,
  `description` varchar(255) NOT NULL DEFAULT '',
  PRIMARY KEY (`id`),
  UNIQUE KEY `idx_menutype` (`menutype`)
) ENGINE=InnoDB  DEFAULT CHARSET=utf8 AUTO_INCREMENT=3 ;

--
-- Dumping data for table `pjyu3_menu_types`
--

INSERT INTO `pjyu3_menu_types` (`id`, `menutype`, `title`, `description`) VALUES
(1, 'mainmenu', 'Main Menu', 'The main menu for the site'),
(2, 'side-menu', 'Side Menu', '');

-- --------------------------------------------------------

--
-- Table structure for table `pjyu3_messages`
--

CREATE TABLE IF NOT EXISTS `pjyu3_messages` (
  `message_id` int(10) unsigned NOT NULL AUTO_INCREMENT,
  `user_id_from` int(10) unsigned NOT NULL DEFAULT '0',
  `user_id_to` int(10) unsigned NOT NULL DEFAULT '0',
  `folder_id` tinyint(3) unsigned NOT NULL DEFAULT '0',
  `date_time` datetime NOT NULL DEFAULT '0000-00-00 00:00:00',
  `state` tinyint(1) NOT NULL DEFAULT '0',
  `priority` tinyint(1) unsigned NOT NULL DEFAULT '0',
  `subject` varchar(255) NOT NULL DEFAULT '',
  `message` text NOT NULL,
  PRIMARY KEY (`message_id`),
  KEY `useridto_state` (`user_id_to`,`state`)
) ENGINE=InnoDB DEFAULT CHARSET=utf8 AUTO_INCREMENT=1 ;

-- --------------------------------------------------------

--
-- Table structure for table `pjyu3_messages_cfg`
--

CREATE TABLE IF NOT EXISTS `pjyu3_messages_cfg` (
  `user_id` int(10) unsigned NOT NULL DEFAULT '0',
  `cfg_name` varchar(100) NOT NULL DEFAULT '',
  `cfg_value` varchar(255) NOT NULL DEFAULT '',
  UNIQUE KEY `idx_user_var_name` (`user_id`,`cfg_name`)
) ENGINE=InnoDB DEFAULT CHARSET=utf8;

-- --------------------------------------------------------

--
-- Table structure for table `pjyu3_modules`
--

CREATE TABLE IF NOT EXISTS `pjyu3_modules` (
  `id` int(11) NOT NULL AUTO_INCREMENT,
  `title` varchar(100) NOT NULL DEFAULT '',
  `note` varchar(255) NOT NULL DEFAULT '',
  `content` text NOT NULL,
  `ordering` int(11) NOT NULL DEFAULT '0',
  `position` varchar(50) NOT NULL DEFAULT '',
  `checked_out` int(10) unsigned NOT NULL DEFAULT '0',
  `checked_out_time` datetime NOT NULL DEFAULT '0000-00-00 00:00:00',
  `publish_up` datetime NOT NULL DEFAULT '0000-00-00 00:00:00',
  `publish_down` datetime NOT NULL DEFAULT '0000-00-00 00:00:00',
  `published` tinyint(1) NOT NULL DEFAULT '0',
  `module` varchar(50) DEFAULT NULL,
  `access` int(10) unsigned DEFAULT NULL,
  `showtitle` tinyint(3) unsigned NOT NULL DEFAULT '1',
  `params` text NOT NULL,
  `client_id` tinyint(4) NOT NULL DEFAULT '0',
  `language` char(7) NOT NULL,
  PRIMARY KEY (`id`),
  KEY `published` (`published`,`access`),
  KEY `newsfeeds` (`module`,`published`),
  KEY `idx_language` (`language`)
) ENGINE=InnoDB  DEFAULT CHARSET=utf8 AUTO_INCREMENT=114 ;

--
-- Dumping data for table `pjyu3_modules`
--

INSERT INTO `pjyu3_modules` (`id`, `title`, `note`, `content`, `ordering`, `position`, `checked_out`, `checked_out_time`, `publish_up`, `publish_down`, `published`, `module`, `access`, `showtitle`, `params`, `client_id`, `language`) VALUES
(1, 'Main Menu', '', '', 1, 'menu', 0, '0000-00-00 00:00:00', '0000-00-00 00:00:00', '0000-00-00 00:00:00', 1, 'mod_menu', 1, 1, '{"menutype":"mainmenu","startLevel":"1","endLevel":"0","showAllChildren":"1","tag_id":"","class_sfx":"","window_open":"","layout":"_:default","moduleclass_sfx":"_menu","cache":"1","cache_time":"900","cachemode":"itemid"}', 0, '*'),
(2, 'Login', '', '', 1, 'login', 0, '0000-00-00 00:00:00', '0000-00-00 00:00:00', '0000-00-00 00:00:00', 1, 'mod_login', 1, 1, '', 1, '*'),
(3, 'Popular Articles', '', '', 3, 'cpanel', 0, '0000-00-00 00:00:00', '0000-00-00 00:00:00', '0000-00-00 00:00:00', 1, 'mod_popular', 3, 1, '{"count":"5","catid":"","user_id":"0","layout":"_:default","moduleclass_sfx":"","cache":"0","automatic_title":"1"}', 1, '*'),
(4, 'Recently Added Articles', '', '', 4, 'cpanel', 0, '0000-00-00 00:00:00', '0000-00-00 00:00:00', '0000-00-00 00:00:00', 1, 'mod_latest', 3, 1, '{"count":"5","ordering":"c_dsc","catid":"","user_id":"0","layout":"_:default","moduleclass_sfx":"","cache":"0","automatic_title":"1"}', 1, '*'),
(6, 'Unread Messages', '', '', 1, 'header', 0, '0000-00-00 00:00:00', '0000-00-00 00:00:00', '0000-00-00 00:00:00', 1, 'mod_unread', 3, 1, '', 1, '*'),
(7, 'Online Users', '', '', 2, 'header', 0, '0000-00-00 00:00:00', '0000-00-00 00:00:00', '0000-00-00 00:00:00', 1, 'mod_online', 3, 1, '', 1, '*'),
(8, 'Toolbar', '', '', 1, 'toolbar', 0, '0000-00-00 00:00:00', '0000-00-00 00:00:00', '0000-00-00 00:00:00', 1, 'mod_toolbar', 3, 1, '', 1, '*'),
(9, 'Quick Icons', '', '', 1, 'icon', 0, '0000-00-00 00:00:00', '0000-00-00 00:00:00', '0000-00-00 00:00:00', 1, 'mod_quickicon', 3, 1, '', 1, '*'),
(10, 'Logged-in Users', '', '', 2, 'cpanel', 0, '0000-00-00 00:00:00', '0000-00-00 00:00:00', '0000-00-00 00:00:00', 1, 'mod_logged', 3, 1, '{"count":"5","name":"1","layout":"_:default","moduleclass_sfx":"","cache":"0","automatic_title":"1"}', 1, '*'),
(12, 'Admin Menu', '', '', 1, 'menu', 0, '0000-00-00 00:00:00', '0000-00-00 00:00:00', '0000-00-00 00:00:00', 1, 'mod_menu', 3, 1, '{"layout":"","moduleclass_sfx":"","shownew":"1","showhelp":"1","cache":"0"}', 1, '*'),
(13, 'Admin Submenu', '', '', 1, 'submenu', 0, '0000-00-00 00:00:00', '0000-00-00 00:00:00', '0000-00-00 00:00:00', 1, 'mod_submenu', 3, 1, '', 1, '*'),
(14, 'User Status', '', '', 2, 'status', 0, '0000-00-00 00:00:00', '0000-00-00 00:00:00', '0000-00-00 00:00:00', 1, 'mod_status', 3, 1, '', 1, '*'),
(15, 'Title', '', '', 1, 'title', 0, '0000-00-00 00:00:00', '0000-00-00 00:00:00', '0000-00-00 00:00:00', 1, 'mod_title', 3, 1, '', 1, '*'),
(17, 'Breadcrumbs', '', '', 1, 'breadcrumbs', 0, '0000-00-00 00:00:00', '0000-00-00 00:00:00', '0000-00-00 00:00:00', 1, 'mod_breadcrumbs', 1, 1, '{"showHere":"1","showHome":"1","homeText":"Home","showLast":"1","separator":"","layout":"_:default","moduleclass_sfx":"","cache":"1","cache_time":"900","cachemode":"itemid"}', 0, '*'),
(32, 'Footer', '', '<p>Copyright  2013 Marc Ababa<br /> All Rights Reserved</p>', 1, 'sidebar-a', 0, '0000-00-00 00:00:00', '0000-00-00 00:00:00', '0000-00-00 00:00:00', 1, 'mod_custom', 1, 0, '{"prepare_content":"1","backgroundimage":"","layout":"_:default","moduleclass_sfx":"style-headerline","cache":"1","cache_time":"900","cachemode":"static"}', 0, '*'),
(39, 'Login', '', '', 2, 'menu', 571, '2013-03-17 03:59:20', '0000-00-00 00:00:00', '0000-00-00 00:00:00', 1, 'mod_login', 1, 1, '{"pretext":"","posttext":"","login":"","logout":"","greeting":"1","name":"0","usesecure":"0","layout":"_:default","moduleclass_sfx":"","cache":"0"}', 0, '*'),
(40, 'Search', '', '', 0, 'search', 0, '0000-00-00 00:00:00', '0000-00-00 00:00:00', '0000-00-00 00:00:00', 1, 'mod_search', 1, 1, '{"label":"","width":"20","text":"","button":"","button_pos":"right","imagebutton":"","button_text":"","set_itemid":"","layout":"_:default","moduleclass_sfx":"","cache":"1","cache_time":"900","cachemode":"itemid"}', 0, '*'),
(80, 'Multilanguage status', '', '', 1, 'status', 0, '0000-00-00 00:00:00', '0000-00-00 00:00:00', '0000-00-00 00:00:00', 0, 'mod_multilangstatus', 3, 1, '{"layout":"_:default","moduleclass_sfx":"","cache":"0"}', 1, '*'),
(81, 'Joomla Version', '', '', 1, 'footer', 0, '0000-00-00 00:00:00', '0000-00-00 00:00:00', '0000-00-00 00:00:00', 1, 'mod_version', 3, 1, '{"format":"short","product":"1","layout":"_:default","moduleclass_sfx":"","cache":"0"}', 1, '*'),
(98, 'Social Bookmarks', '', '<div class="sidebar-a-bottom-fixed">&nbsp;</div>', 1, 'sidebar-a', 571, '2013-03-17 03:59:12', '0000-00-00 00:00:00', '0000-00-00 00:00:00', 1, 'mod_custom', 1, 0, '{"prepare_content":"1","backgroundimage":"","layout":"_:default","moduleclass_sfx":"style-headerline sidebar-a-bottom-fixed","cache":"1","cache_time":"900","cachemode":"static"}', 0, '*'),
(103, 'Logo', '', '<p><img src="images/yootheme/demo/frontpage/logo.png" width="204" height="144" alt="logo" /></p>', 1, 'logo', 0, '0000-00-00 00:00:00', '0000-00-00 00:00:00', '0000-00-00 00:00:00', 1, 'mod_custom', 1, 1, '{"prepare_content":"1","backgroundimage":"","layout":"_:default","moduleclass_sfx":"","cache":"1","cache_time":"900","cachemode":"static"}', 0, '*'),
(104, 'Slideshow', '', '', 1, 'top-a', 0, '0000-00-00 00:00:00', '0000-00-00 00:00:00', '0000-00-00 00:00:00', 1, 'mod_widgetkit', 1, 0, '{"widget_id":"55","moduleclass_sfx":"style-headerline"}', 0, '*'),
(105, 'Welcome ', '', '<p>Lorem Ipsum is simply dummy text of the printing and typesetting industry. Lorem Ipsum has been the industry''s standard dummy text ever since the 1500s, when an unknown printer took a galley of type and scrambled it to make a type specimen book. It has survived not only five centuries, but also the leap into electronic typesetting, remaining essentially unchanged. It was popularised in the 1960s with the release of Letraset sheets containing Lorem Ipsum passages, and more recently with desktop publishing software like Aldus PageMaker including versions of Lorem Ipsum.</p>', 1, 'innertop', 0, '0000-00-00 00:00:00', '0000-00-00 00:00:00', '0000-00-00 00:00:00', 1, 'mod_custom', 1, 1, '{"prepare_content":"1","backgroundimage":"","layout":"_:default","moduleclass_sfx":"","cache":"1","cache_time":"900","cachemode":"static"}', 0, '*'),
(106, 'Featured Brands', '', '', 2, 'top-b', 0, '0000-00-00 00:00:00', '0000-00-00 00:00:00', '0000-00-00 00:00:00', 0, 'mod_widgetkit', 1, 1, '{"widget_id":"32","moduleclass_sfx":""}', 0, '*'),
(107, 'Promos / Sales of the Month', '', '', 1, 'innerbottom', 0, '0000-00-00 00:00:00', '0000-00-00 00:00:00', '0000-00-00 00:00:00', 0, 'mod_widgetkit', 1, 1, '{"widget_id":"37","moduleclass_sfx":""}', 0, '*'),
(108, 'Customer Services', '', '<p>Lorem Ipsum is simply dummy text of the printing and typesetting industry. Lorem Ipsum has been the industry''s standard dummy text ever since the 1500s, when an unknown printer took a galley of type and scrambled it to make a type specimen book.</p>', 1, 'bottom-a', 0, '0000-00-00 00:00:00', '0000-00-00 00:00:00', '0000-00-00 00:00:00', 1, 'mod_custom', 1, 1, '{"prepare_content":"1","backgroundimage":"","layout":"_:default","moduleclass_sfx":"","cache":"1","cache_time":"900","cachemode":"static"}', 0, '*'),
(109, 'Payments', '', '<p>Lorem Ipsum is simply dummy text of the printing and typesetting industry. Lorem Ipsum has been the industry''s standard dummy text ever since the 1500s, when an unknown printer took a galley of type and scrambled it to make a type specimen book.&nbsp;</p>', 1, 'bottom-a', 0, '0000-00-00 00:00:00', '0000-00-00 00:00:00', '0000-00-00 00:00:00', 1, 'mod_custom', 1, 1, '{"prepare_content":"1","backgroundimage":"","layout":"_:default","moduleclass_sfx":"","cache":"1","cache_time":"900","cachemode":"static"}', 0, '*'),
(110, 'Social Sites', '', '<p>Lorem Ipsum is simply dummy text of the printing and typesetting industry. Lorem Ipsum has been the industry''s standard dummy text ever since the 1500s, when an unknown printer took a galley of type and scrambled it to make a type specimen book.</p>', 1, 'bottom-a', 0, '0000-00-00 00:00:00', '0000-00-00 00:00:00', '0000-00-00 00:00:00', 1, 'mod_custom', 1, 1, '{"prepare_content":"1","backgroundimage":"","layout":"_:default","moduleclass_sfx":"","cache":"1","cache_time":"900","cachemode":"static"}', 0, '*'),
(111, 'New Arrivals', '', '', 1, 'bottom-b', 0, '0000-00-00 00:00:00', '0000-00-00 00:00:00', '0000-00-00 00:00:00', 1, 'mod_widgetkit', 1, 1, '{"widget_id":"24","moduleclass_sfx":""}', 0, '*'),
(112, 'Advertisements', '', '<p>Lorem Ipsum is simply dummy text of the printing and typesetting industry. Lorem Ipsum has been the industry''s standard dummy text ever since the 1500s, when an unknown printer took a galley of type and scrambled it to make a type specimen book. It has survived not only five centuries, but also the leap into electronic typesetting, remaining essentially unchanged. It was popularised in the 1960s with the release of Letraset sheets containing Lorem Ipsum passages, and more recently with desktop publishing software like Aldus PageMaker including versions of Lorem Ipsum</p>', 1, 'bottom-b', 0, '0000-00-00 00:00:00', '0000-00-00 00:00:00', '0000-00-00 00:00:00', 1, 'mod_custom', 1, 1, '{"prepare_content":"1","backgroundimage":"","layout":"_:default","moduleclass_sfx":"","cache":"1","cache_time":"900","cachemode":"static"}', 0, '*'),
(113, 'Side Menu', '', '', 1, 'sidebar-b', 0, '0000-00-00 00:00:00', '0000-00-00 00:00:00', '0000-00-00 00:00:00', 1, 'mod_menu', 1, 0, '{"menutype":"side-menu","startLevel":"1","endLevel":"0","showAllChildren":"1","tag_id":"","class_sfx":"","window_open":"","layout":"_:default","moduleclass_sfx":"","cache":"1","cache_time":"900","cachemode":"itemid"}', 0, '*');

-- --------------------------------------------------------

--
-- Table structure for table `pjyu3_modules_menu`
--

CREATE TABLE IF NOT EXISTS `pjyu3_modules_menu` (
  `moduleid` int(11) NOT NULL DEFAULT '0',
  `menuid` int(11) NOT NULL DEFAULT '0',
  PRIMARY KEY (`moduleid`,`menuid`)
) ENGINE=InnoDB DEFAULT CHARSET=utf8;

--
-- Dumping data for table `pjyu3_modules_menu`
--

INSERT INTO `pjyu3_modules_menu` (`moduleid`, `menuid`) VALUES
(1, 0),
(2, 0),
(3, 0),
(4, 0),
(6, 0),
(7, 0),
(8, 0),
(9, 0),
(10, 0),
(12, 0),
(13, 0),
(14, 0),
(15, 0),
(17, -197),
(17, -196),
(17, -195),
(17, -194),
(17, -123),
(17, -122),
(17, -121),
(17, -120),
(17, -119),
(17, -118),
(17, -117),
(17, -116),
(17, -115),
(17, -114),
(17, -113),
(17, -112),
(17, -111),
(17, -110),
(17, -109),
(17, -108),
(17, -101),
(31, 0),
(32, 0),
(39, 0),
(40, 0),
(42, 103),
(42, 108),
(42, 109),
(42, 110),
(42, 111),
(42, 112),
(42, 113),
(42, 114),
(42, 115),
(42, 116),
(42, 117),
(42, 118),
(42, 119),
(42, 120),
(42, 121),
(42, 122),
(42, 123),
(61, -197),
(61, -196),
(61, -195),
(61, -194),
(61, -123),
(61, -122),
(61, -121),
(61, -120),
(61, -119),
(61, -118),
(61, -117),
(61, -116),
(61, -115),
(61, -114),
(61, -113),
(61, -112),
(61, -111),
(61, -110),
(61, -109),
(61, -108),
(61, -101),
(80, 0),
(81, 0),
(95, 103),
(95, 108),
(95, 109),
(95, 110),
(95, 111),
(95, 112),
(95, 113),
(95, 114),
(95, 115),
(95, 116),
(95, 117),
(95, 118),
(95, 119),
(95, 120),
(95, 121),
(95, 122),
(95, 123),
(98, 0),
(103, 0),
(104, 0),
(105, 101),
(106, 0),
(107, 0),
(108, 101),
(109, 101),
(110, 101),
(111, 0),
(112, 101),
(113, 132),
(113, 133),
(113, 134),
(113, 135),
(113, 136),
(113, 140),
(113, 141),
(113, 142),
(113, 143),
(113, 144),
(113, 204),
(113, 205),
(113, 206),
(113, 207),
(113, 208),
(113, 209),
(113, 210),
(113, 211),
(113, 212),
(113, 213),
(113, 214),
(113, 215),
(113, 216);

-- --------------------------------------------------------

--
-- Table structure for table `pjyu3_newsfeeds`
--

CREATE TABLE IF NOT EXISTS `pjyu3_newsfeeds` (
  `catid` int(11) NOT NULL DEFAULT '0',
  `id` int(10) unsigned NOT NULL AUTO_INCREMENT,
  `name` varchar(100) NOT NULL DEFAULT '',
  `alias` varchar(255) CHARACTER SET utf8 COLLATE utf8_bin NOT NULL DEFAULT '',
  `link` varchar(200) NOT NULL DEFAULT '',
  `filename` varchar(200) DEFAULT NULL,
  `published` tinyint(1) NOT NULL DEFAULT '0',
  `numarticles` int(10) unsigned NOT NULL DEFAULT '1',
  `cache_time` int(10) unsigned NOT NULL DEFAULT '3600',
  `checked_out` int(10) unsigned NOT NULL DEFAULT '0',
  `checked_out_time` datetime NOT NULL DEFAULT '0000-00-00 00:00:00',
  `ordering` int(11) NOT NULL DEFAULT '0',
  `rtl` tinyint(4) NOT NULL DEFAULT '0',
  `access` int(10) unsigned NOT NULL DEFAULT '0',
  `language` char(7) NOT NULL DEFAULT '',
  `params` text NOT NULL,
  `created` datetime NOT NULL DEFAULT '0000-00-00 00:00:00',
  `created_by` int(10) unsigned NOT NULL DEFAULT '0',
  `created_by_alias` varchar(255) NOT NULL DEFAULT '',
  `modified` datetime NOT NULL DEFAULT '0000-00-00 00:00:00',
  `modified_by` int(10) unsigned NOT NULL DEFAULT '0',
  `metakey` text NOT NULL,
  `metadesc` text NOT NULL,
  `metadata` text NOT NULL,
  `xreference` varchar(50) NOT NULL COMMENT 'A reference to enable linkages to external data sets.',
  `publish_up` datetime NOT NULL DEFAULT '0000-00-00 00:00:00',
  `publish_down` datetime NOT NULL DEFAULT '0000-00-00 00:00:00',
  PRIMARY KEY (`id`),
  KEY `idx_access` (`access`),
  KEY `idx_checkout` (`checked_out`),
  KEY `idx_state` (`published`),
  KEY `idx_catid` (`catid`),
  KEY `idx_createdby` (`created_by`),
  KEY `idx_language` (`language`),
  KEY `idx_xreference` (`xreference`)
) ENGINE=InnoDB DEFAULT CHARSET=utf8 AUTO_INCREMENT=1 ;

-- --------------------------------------------------------

--
-- Table structure for table `pjyu3_overrider`
--

CREATE TABLE IF NOT EXISTS `pjyu3_overrider` (
  `id` int(10) NOT NULL AUTO_INCREMENT COMMENT 'Primary Key',
  `constant` varchar(255) NOT NULL,
  `string` text NOT NULL,
  `file` varchar(255) NOT NULL,
  PRIMARY KEY (`id`)
) ENGINE=InnoDB DEFAULT CHARSET=utf8 AUTO_INCREMENT=1 ;

-- --------------------------------------------------------

--
-- Table structure for table `pjyu3_redirect_links`
--

CREATE TABLE IF NOT EXISTS `pjyu3_redirect_links` (
  `id` int(10) unsigned NOT NULL AUTO_INCREMENT,
  `old_url` varchar(255) NOT NULL,
  `new_url` varchar(255) NOT NULL,
  `referer` varchar(150) NOT NULL,
  `comment` varchar(255) NOT NULL,
  `hits` int(10) unsigned NOT NULL DEFAULT '0',
  `published` tinyint(4) NOT NULL,
  `created_date` datetime NOT NULL DEFAULT '0000-00-00 00:00:00',
  `modified_date` datetime NOT NULL DEFAULT '0000-00-00 00:00:00',
  PRIMARY KEY (`id`),
  UNIQUE KEY `idx_link_old` (`old_url`),
  KEY `idx_link_modifed` (`modified_date`)
) ENGINE=InnoDB  DEFAULT CHARSET=utf8 AUTO_INCREMENT=3 ;

--
-- Dumping data for table `pjyu3_redirect_links`
--

INSERT INTO `pjyu3_redirect_links` (`id`, `old_url`, `new_url`, `referer`, `comment`, `hits`, `published`, `created_date`, `modified_date`) VALUES
(1, 'http://localhost:90/projects/showroom/index.php/features', '', 'http://localhost:90/projects/showroom/', '', 1, 0, '2013-03-16 14:15:14', '0000-00-00 00:00:00'),
(2, 'http://localhost:90/projects/showroom/', '', 'http://localhost:90/projects/showroom/index.php/joomla?start=5', '', 5, 0, '2013-03-16 14:26:04', '0000-00-00 00:00:00');

-- --------------------------------------------------------

--
-- Table structure for table `pjyu3_schemas`
--

CREATE TABLE IF NOT EXISTS `pjyu3_schemas` (
  `extension_id` int(11) NOT NULL,
  `version_id` varchar(20) NOT NULL,
  PRIMARY KEY (`extension_id`,`version_id`)
) ENGINE=InnoDB DEFAULT CHARSET=utf8;

--
-- Dumping data for table `pjyu3_schemas`
--

INSERT INTO `pjyu3_schemas` (`extension_id`, `version_id`) VALUES
(700, '2.5.9');

-- --------------------------------------------------------

--
-- Table structure for table `pjyu3_session`
--

CREATE TABLE IF NOT EXISTS `pjyu3_session` (
  `session_id` varchar(200) NOT NULL DEFAULT '',
  `client_id` tinyint(3) unsigned NOT NULL DEFAULT '0',
  `guest` tinyint(4) unsigned DEFAULT '1',
  `time` varchar(14) DEFAULT '',
  `data` mediumtext,
  `userid` int(11) DEFAULT '0',
  `username` varchar(150) DEFAULT '',
  `usertype` varchar(50) DEFAULT '',
  PRIMARY KEY (`session_id`),
  KEY `whosonline` (`guest`,`usertype`),
  KEY `userid` (`userid`),
  KEY `time` (`time`)
) ENGINE=InnoDB DEFAULT CHARSET=utf8;

--
-- Dumping data for table `pjyu3_session`
--

INSERT INTO `pjyu3_session` (`session_id`, `client_id`, `guest`, `time`, `data`, `userid`, `username`, `usertype`) VALUES
('36tcclsrprqg9dfklekbnotun4', 0, 1, '1385361779', '__default|a:8:{s:15:"session.counter";i:9;s:19:"session.timer.start";i:1385359443;s:18:"session.timer.last";i:1385360936;s:17:"session.timer.now";i:1385361777;s:22:"session.client.browser";s:108:"Mozilla/5.0 (Windows NT 6.1; WOW64) AppleWebKit/537.36 (KHTML, like Gecko) Chrome/31.0.1650.57 Safari/537.36";s:8:"registry";O:9:"JRegistry":1:{s:7:"\0*\0data";O:8:"stdClass":0:{}}s:4:"user";O:5:"JUser":25:{s:9:"\0*\0isRoot";b:0;s:2:"id";i:0;s:4:"name";N;s:8:"username";N;s:5:"email";N;s:8:"password";N;s:14:"password_clear";s:0:"";s:8:"usertype";N;s:5:"block";N;s:9:"sendEmail";i:0;s:12:"registerDate";N;s:13:"lastvisitDate";N;s:10:"activation";N;s:6:"params";N;s:6:"groups";a:0:{}s:5:"guest";i:1;s:13:"lastResetTime";N;s:10:"resetCount";N;s:10:"\0*\0_params";O:9:"JRegistry":1:{s:7:"\0*\0data";O:8:"stdClass":0:{}}s:14:"\0*\0_authGroups";a:1:{i:0;i:1;}s:14:"\0*\0_authLevels";a:2:{i:0;i:1;i:1;i:1;}s:15:"\0*\0_authActions";N;s:12:"\0*\0_errorMsg";N;s:10:"\0*\0_errors";a:0:{}s:3:"aid";i:0;}s:13:"session.token";s:32:"38a1133330321fe2646eed1f59911e3f";}', 0, '', ''),
('i0lutt134n1lumvmpc567seci1', 0, 1, '1389576447', '__default|a:8:{s:15:"session.counter";i:1;s:19:"session.timer.start";i:1389576444;s:18:"session.timer.last";i:1389576444;s:17:"session.timer.now";i:1389576444;s:22:"session.client.browser";s:108:"Mozilla/5.0 (Windows NT 6.1; WOW64) AppleWebKit/537.36 (KHTML, like Gecko) Chrome/32.0.1700.72 Safari/537.36";s:8:"registry";O:9:"JRegistry":1:{s:7:"\0*\0data";O:8:"stdClass":0:{}}s:4:"user";O:5:"JUser":25:{s:9:"\0*\0isRoot";b:0;s:2:"id";i:0;s:4:"name";N;s:8:"username";N;s:5:"email";N;s:8:"password";N;s:14:"password_clear";s:0:"";s:8:"usertype";N;s:5:"block";N;s:9:"sendEmail";i:0;s:12:"registerDate";N;s:13:"lastvisitDate";N;s:10:"activation";N;s:6:"params";N;s:6:"groups";a:0:{}s:5:"guest";i:1;s:13:"lastResetTime";N;s:10:"resetCount";N;s:10:"\0*\0_params";O:9:"JRegistry":1:{s:7:"\0*\0data";O:8:"stdClass":0:{}}s:14:"\0*\0_authGroups";a:1:{i:0;i:1;}s:14:"\0*\0_authLevels";a:2:{i:0;i:1;i:1;i:1;}s:15:"\0*\0_authActions";N;s:12:"\0*\0_errorMsg";N;s:10:"\0*\0_errors";a:0:{}s:3:"aid";i:0;}s:13:"session.token";s:32:"c45ddd03dd10558eebc12a6828bc852e";}', 0, '', '');

-- --------------------------------------------------------

--
-- Table structure for table `pjyu3_template_styles`
--

CREATE TABLE IF NOT EXISTS `pjyu3_template_styles` (
  `id` int(10) unsigned NOT NULL AUTO_INCREMENT,
  `template` varchar(50) NOT NULL DEFAULT '',
  `client_id` tinyint(1) unsigned NOT NULL DEFAULT '0',
  `home` char(7) NOT NULL DEFAULT '0',
  `title` varchar(255) NOT NULL DEFAULT '',
  `params` text NOT NULL,
  PRIMARY KEY (`id`),
  KEY `idx_template` (`template`),
  KEY `idx_home` (`home`)
) ENGINE=InnoDB  DEFAULT CHARSET=utf8 AUTO_INCREMENT=8 ;

--
-- Dumping data for table `pjyu3_template_styles`
--

INSERT INTO `pjyu3_template_styles` (`id`, `template`, `client_id`, `home`, `title`, `params`) VALUES
(2, 'bluestork', 1, '1', 'Bluestork - Default', '{"useRoundedCorners":"1","showSiteName":"0"}'),
(3, 'atomic', 0, '0', 'Atomic - Default', '{}'),
(4, 'beez_20', 0, '0', 'Beez2 - Default', '{"wrapperSmall":"53","wrapperLarge":"72","logo":"images\\/joomla_black.gif","sitetitle":"Joomla!","sitedescription":"Open Source Content Management","navposition":"left","templatecolor":"personal","html5":"0"}'),
(5, 'hathor', 1, '0', 'Hathor - Default', '{"showSiteName":"0","colourChoice":"","boldText":"0"}'),
(6, 'beez5', 0, '0', 'Beez5 - Default-Fruit Shop', '{"wrapperSmall":"53","wrapperLarge":"72","logo":"images\\/sampledata\\/fruitshop\\/fruits.gif","sitetitle":"Matuna Market ","sitedescription":"Fruit Shop Sample Site","navposition":"left","html5":"0"}'),
(7, 'yoo_showroom', 0, '1', 'yoo_showroom - Default', '{"config":""}');

-- --------------------------------------------------------

--
-- Table structure for table `pjyu3_updates`
--

CREATE TABLE IF NOT EXISTS `pjyu3_updates` (
  `update_id` int(11) NOT NULL AUTO_INCREMENT,
  `update_site_id` int(11) DEFAULT '0',
  `extension_id` int(11) DEFAULT '0',
  `categoryid` int(11) DEFAULT '0',
  `name` varchar(100) DEFAULT '',
  `description` text NOT NULL,
  `element` varchar(100) DEFAULT '',
  `type` varchar(20) DEFAULT '',
  `folder` varchar(20) DEFAULT '',
  `client_id` tinyint(3) DEFAULT '0',
  `version` varchar(10) DEFAULT '',
  `data` text NOT NULL,
  `detailsurl` text NOT NULL,
  `infourl` text NOT NULL,
  PRIMARY KEY (`update_id`)
) ENGINE=InnoDB  DEFAULT CHARSET=utf8 COMMENT='Available Updates' AUTO_INCREMENT=153 ;

--
-- Dumping data for table `pjyu3_updates`
--

INSERT INTO `pjyu3_updates` (`update_id`, `update_site_id`, `extension_id`, `categoryid`, `name`, `description`, `element`, `type`, `folder`, `client_id`, `version`, `data`, `detailsurl`, `infourl`) VALUES
(1, 1, 700, 0, 'Joomla', '', 'joomla', 'file', '', 0, '2.5.9', '', 'http://update.joomla.org/core/extension.xml', ''),
(2, 3, 0, 0, 'Armenian', '', 'pkg_hy-AM', 'package', '', 0, '2.5.8.1', '', 'http://update.joomla.org/language/details/hy-AM_details.xml', ''),
(3, 3, 0, 0, 'Bahasa Indonesia', '', 'pkg_id-ID', 'package', '', 0, '2.5.8.1', '', 'http://update.joomla.org/language/details/id-ID_details.xml', ''),
(4, 3, 0, 0, 'Danish', '', 'pkg_da-DK', 'package', '', 0, '2.5.9.2', '', 'http://update.joomla.org/language/details/da-DK_details.xml', ''),
(5, 3, 0, 0, 'Khmer', '', 'pkg_km-KH', 'package', '', 0, '2.5.7.1', '', 'http://update.joomla.org/language/details/km-KH_details.xml', ''),
(6, 3, 0, 0, 'Swedish', '', 'pkg_sv-SE', 'package', '', 0, '2.5.9.1', '', 'http://update.joomla.org/language/details/sv-SE_details.xml', ''),
(7, 3, 0, 0, 'Hungarian', '', 'pkg_hu-HU', 'package', '', 0, '2.5.8.1', '', 'http://update.joomla.org/language/details/hu-HU_details.xml', ''),
(8, 3, 0, 0, 'Hungarian', '', 'pkg_hu-HU', 'package', '', 0, '2.5.8.1', '', 'http://update.joomla.org/language/details/hu-HU_details.xml', ''),
(9, 3, 0, 0, 'Bulgarian', '', 'pkg_bg-BG', 'package', '', 0, '2.5.7.1', '', 'http://update.joomla.org/language/details/bg-BG_details.xml', ''),
(10, 3, 0, 0, 'Bulgarian', '', 'pkg_bg-BG', 'package', '', 0, '2.5.7.1', '', 'http://update.joomla.org/language/details/bg-BG_details.xml', ''),
(11, 3, 0, 0, 'French', '', 'pkg_fr-FR', 'package', '', 0, '2.5.9.1', '', 'http://update.joomla.org/language/details/fr-FR_details.xml', ''),
(12, 3, 0, 0, 'French', '', 'pkg_fr-FR', 'package', '', 0, '2.5.9.1', '', 'http://update.joomla.org/language/details/fr-FR_details.xml', ''),
(13, 3, 0, 0, 'Italian', '', 'pkg_it-IT', 'package', '', 0, '2.5.9.1', '', 'http://update.joomla.org/language/details/it-IT_details.xml', ''),
(14, 3, 0, 0, 'Italian', '', 'pkg_it-IT', 'package', '', 0, '2.5.9.1', '', 'http://update.joomla.org/language/details/it-IT_details.xml', ''),
(15, 3, 0, 0, 'Spanish', '', 'pkg_es-ES', 'package', '', 0, '2.5.9.1', '', 'http://update.joomla.org/language/details/es-ES_details.xml', ''),
(16, 3, 0, 0, 'Spanish', '', 'pkg_es-ES', 'package', '', 0, '2.5.9.1', '', 'http://update.joomla.org/language/details/es-ES_details.xml', ''),
(17, 3, 0, 0, 'Dutch', '', 'pkg_nl-NL', 'package', '', 0, '2.5.9.1', '', 'http://update.joomla.org/language/details/nl-NL_details.xml', ''),
(18, 3, 0, 0, 'Dutch', '', 'pkg_nl-NL', 'package', '', 0, '2.5.9.1', '', 'http://update.joomla.org/language/details/nl-NL_details.xml', ''),
(19, 3, 0, 0, 'Turkish', '', 'pkg_tr-TR', 'package', '', 0, '2.5.7.2', '', 'http://update.joomla.org/language/details/tr-TR_details.xml', ''),
(20, 3, 0, 0, 'Turkish', '', 'pkg_tr-TR', 'package', '', 0, '2.5.7.2', '', 'http://update.joomla.org/language/details/tr-TR_details.xml', ''),
(21, 3, 0, 0, 'Ukrainian', '', 'pkg_uk-UA', 'package', '', 0, '2.5.7.2', '', 'http://update.joomla.org/language/details/uk-UA_details.xml', ''),
(22, 3, 0, 0, 'Ukrainian', '', 'pkg_uk-UA', 'package', '', 0, '2.5.7.2', '', 'http://update.joomla.org/language/details/uk-UA_details.xml', ''),
(23, 3, 0, 0, 'Slovak', '', 'pkg_sk-SK', 'package', '', 0, '2.5.8.1', '', 'http://update.joomla.org/language/details/sk-SK_details.xml', ''),
(24, 3, 0, 0, 'Slovak', '', 'pkg_sk-SK', 'package', '', 0, '2.5.8.1', '', 'http://update.joomla.org/language/details/sk-SK_details.xml', ''),
(25, 3, 0, 0, 'Belarusian', '', 'pkg_be-BY', 'package', '', 0, '2.5.8.1', '', 'http://update.joomla.org/language/details/be-BY_details.xml', ''),
(26, 3, 0, 0, 'Belarusian', '', 'pkg_be-BY', 'package', '', 0, '2.5.8.1', '', 'http://update.joomla.org/language/details/be-BY_details.xml', ''),
(27, 3, 0, 0, 'Latvian', '', 'pkg_lv-LV', 'package', '', 0, '2.5.8.1', '', 'http://update.joomla.org/language/details/lv-LV_details.xml', ''),
(28, 3, 0, 0, 'Latvian', '', 'pkg_lv-LV', 'package', '', 0, '2.5.8.1', '', 'http://update.joomla.org/language/details/lv-LV_details.xml', ''),
(29, 3, 0, 0, 'Estonian', '', 'pkg_et-EE', 'package', '', 0, '2.5.7.1', '', 'http://update.joomla.org/language/details/et-EE_details.xml', ''),
(30, 3, 0, 0, 'Estonian', '', 'pkg_et-EE', 'package', '', 0, '2.5.7.1', '', 'http://update.joomla.org/language/details/et-EE_details.xml', ''),
(31, 3, 0, 0, 'Romanian', '', 'pkg_ro-RO', 'package', '', 0, '2.5.5.3', '', 'http://update.joomla.org/language/details/ro-RO_details.xml', ''),
(32, 3, 0, 0, 'Romanian', '', 'pkg_ro-RO', 'package', '', 0, '2.5.5.3', '', 'http://update.joomla.org/language/details/ro-RO_details.xml', ''),
(33, 3, 0, 0, 'Flemish', '', 'pkg_nl-BE', 'package', '', 0, '2.5.9.1', '', 'http://update.joomla.org/language/details/nl-BE_details.xml', ''),
(34, 3, 0, 0, 'Flemish', '', 'pkg_nl-BE', 'package', '', 0, '2.5.9.1', '', 'http://update.joomla.org/language/details/nl-BE_details.xml', ''),
(35, 3, 0, 0, 'Macedonian', '', 'pkg_mk-MK', 'package', '', 0, '2.5.7.1', '', 'http://update.joomla.org/language/details/mk-MK_details.xml', ''),
(36, 3, 0, 0, 'Macedonian', '', 'pkg_mk-MK', 'package', '', 0, '2.5.7.1', '', 'http://update.joomla.org/language/details/mk-MK_details.xml', ''),
(37, 3, 0, 0, 'Japanese', '', 'pkg_ja-JP', 'package', '', 0, '2.5.9.1', '', 'http://update.joomla.org/language/details/ja-JP_details.xml', ''),
(38, 3, 0, 0, 'Japanese', '', 'pkg_ja-JP', 'package', '', 0, '2.5.9.1', '', 'http://update.joomla.org/language/details/ja-JP_details.xml', ''),
(39, 3, 0, 0, 'Serbian Latin', '', 'pkg_sr-YU', 'package', '', 0, '2.5.7.1', '', 'http://update.joomla.org/language/details/sr-YU_details.xml', ''),
(40, 3, 0, 0, 'Serbian Latin', '', 'pkg_sr-YU', 'package', '', 0, '2.5.7.1', '', 'http://update.joomla.org/language/details/sr-YU_details.xml', ''),
(41, 3, 0, 0, 'Arabic Unitag', '', 'pkg_ar-AA', 'package', '', 0, '2.5.9.1', '', 'http://update.joomla.org/language/details/ar-AA_details.xml', ''),
(42, 3, 0, 0, 'Arabic Unitag', '', 'pkg_ar-AA', 'package', '', 0, '2.5.9.1', '', 'http://update.joomla.org/language/details/ar-AA_details.xml', ''),
(43, 3, 0, 0, 'German', '', 'pkg_de-DE', 'package', '', 0, '2.5.9.1', '', 'http://update.joomla.org/language/details/de-DE_details.xml', ''),
(44, 3, 0, 0, 'German', '', 'pkg_de-DE', 'package', '', 0, '2.5.9.1', '', 'http://update.joomla.org/language/details/de-DE_details.xml', ''),
(45, 3, 0, 0, 'Norwegian Bokmal', '', 'pkg_nb-NO', 'package', '', 0, '2.5.9.2', '', 'http://update.joomla.org/language/details/nb-NO_details.xml', ''),
(46, 3, 0, 0, 'Norwegian Bokmal', '', 'pkg_nb-NO', 'package', '', 0, '2.5.9.2', '', 'http://update.joomla.org/language/details/nb-NO_details.xml', ''),
(47, 3, 0, 0, 'English AU', '', 'pkg_en-AU', 'package', '', 0, '2.5.9.1', '', 'http://update.joomla.org/language/details/en-AU_details.xml', ''),
(48, 3, 0, 0, 'English AU', '', 'pkg_en-AU', 'package', '', 0, '2.5.9.1', '', 'http://update.joomla.org/language/details/en-AU_details.xml', ''),
(49, 3, 0, 0, 'English US', '', 'pkg_en-US', 'package', '', 0, '2.5.9.1', '', 'http://update.joomla.org/language/details/en-US_details.xml', ''),
(50, 3, 0, 0, 'English US', '', 'pkg_en-US', 'package', '', 0, '2.5.9.1', '', 'http://update.joomla.org/language/details/en-US_details.xml', ''),
(51, 3, 0, 0, 'Serbian Cyrillic', '', 'pkg_sr-RS', 'package', '', 0, '2.5.7.1', '', 'http://update.joomla.org/language/details/sr-RS_details.xml', ''),
(52, 3, 0, 0, 'Serbian Cyrillic', '', 'pkg_sr-RS', 'package', '', 0, '2.5.7.1', '', 'http://update.joomla.org/language/details/sr-RS_details.xml', ''),
(53, 3, 0, 0, 'Lithuanian', '', 'pkg_lt-LT', 'package', '', 0, '2.5.7.1', '', 'http://update.joomla.org/language/details/lt-LT_details.xml', ''),
(54, 3, 0, 0, 'Lithuanian', '', 'pkg_lt-LT', 'package', '', 0, '2.5.7.1', '', 'http://update.joomla.org/language/details/lt-LT_details.xml', ''),
(55, 3, 0, 0, 'Albanian', '', 'pkg_sq-AL', 'package', '', 0, '2.5.1.5', '', 'http://update.joomla.org/language/details/sq-AL_details.xml', ''),
(56, 3, 0, 0, 'Albanian', '', 'pkg_sq-AL', 'package', '', 0, '2.5.1.5', '', 'http://update.joomla.org/language/details/sq-AL_details.xml', ''),
(57, 3, 0, 0, 'Persian', '', 'pkg_fa-IR', 'package', '', 0, '2.5.9.1', '', 'http://update.joomla.org/language/details/fa-IR_details.xml', ''),
(58, 3, 0, 0, 'Persian', '', 'pkg_fa-IR', 'package', '', 0, '2.5.9.1', '', 'http://update.joomla.org/language/details/fa-IR_details.xml', ''),
(59, 3, 0, 0, 'Galician', '', 'pkg_gl-ES', 'package', '', 0, '2.5.7.4', '', 'http://update.joomla.org/language/details/gl-ES_details.xml', ''),
(60, 3, 0, 0, 'Galician', '', 'pkg_gl-ES', 'package', '', 0, '2.5.7.4', '', 'http://update.joomla.org/language/details/gl-ES_details.xml', ''),
(61, 3, 0, 0, 'Polish', '', 'pkg_pl-PL', 'package', '', 0, '2.5.9.1', '', 'http://update.joomla.org/language/details/pl-PL_details.xml', ''),
(62, 3, 0, 0, 'Polish', '', 'pkg_pl-PL', 'package', '', 0, '2.5.9.1', '', 'http://update.joomla.org/language/details/pl-PL_details.xml', ''),
(63, 3, 0, 0, 'Syriac', '', 'pkg_sy-IQ', 'package', '', 0, '2.5.8.1', '', 'http://update.joomla.org/language/details/sy-IQ_details.xml', ''),
(64, 3, 0, 0, 'Syriac', '', 'pkg_sy-IQ', 'package', '', 0, '2.5.8.1', '', 'http://update.joomla.org/language/details/sy-IQ_details.xml', ''),
(65, 3, 0, 0, 'Portuguese', '', 'pkg_pt-PT', 'package', '', 0, '2.5.8.1', '', 'http://update.joomla.org/language/details/pt-PT_details.xml', ''),
(66, 3, 0, 0, 'Portuguese', '', 'pkg_pt-PT', 'package', '', 0, '2.5.8.1', '', 'http://update.joomla.org/language/details/pt-PT_details.xml', ''),
(67, 3, 0, 0, 'Russian', '', 'pkg_ru-RU', 'package', '', 0, '2.5.8.4', '', 'http://update.joomla.org/language/details/ru-RU_details.xml', ''),
(68, 3, 0, 0, 'Russian', '', 'pkg_ru-RU', 'package', '', 0, '2.5.8.4', '', 'http://update.joomla.org/language/details/ru-RU_details.xml', ''),
(69, 3, 0, 0, 'Hebrew', '', 'pkg_he-IL', 'package', '', 0, '2.5.7.1', '', 'http://update.joomla.org/language/details/he-IL_details.xml', ''),
(70, 3, 0, 0, 'Hebrew', '', 'pkg_he-IL', 'package', '', 0, '2.5.7.1', '', 'http://update.joomla.org/language/details/he-IL_details.xml', ''),
(71, 3, 0, 0, 'Catalan', '', 'pkg_ca-ES', 'package', '', 0, '2.5.8.1', '', 'http://update.joomla.org/language/details/ca-ES_details.xml', ''),
(72, 3, 0, 0, 'Catalan', '', 'pkg_ca-ES', 'package', '', 0, '2.5.8.1', '', 'http://update.joomla.org/language/details/ca-ES_details.xml', ''),
(73, 3, 0, 0, 'Laotian', '', 'pkg_lo-LA', 'package', '', 0, '2.5.6.1', '', 'http://update.joomla.org/language/details/lo-LA_details.xml', ''),
(74, 3, 0, 0, 'Laotian', '', 'pkg_lo-LA', 'package', '', 0, '2.5.6.1', '', 'http://update.joomla.org/language/details/lo-LA_details.xml', ''),
(75, 3, 0, 0, 'Afrikaans', '', 'pkg_af-ZA', 'package', '', 0, '2.5.9.1', '', 'http://update.joomla.org/language/details/af-ZA_details.xml', ''),
(76, 3, 0, 0, 'Afrikaans', '', 'pkg_af-ZA', 'package', '', 0, '2.5.9.1', '', 'http://update.joomla.org/language/details/af-ZA_details.xml', ''),
(77, 3, 0, 0, 'Chinese Simplified', '', 'pkg_zh-CN', 'package', '', 0, '2.5.7.1', '', 'http://update.joomla.org/language/details/zh-CN_details.xml', ''),
(78, 3, 0, 0, 'Chinese Simplified', '', 'pkg_zh-CN', 'package', '', 0, '2.5.7.1', '', 'http://update.joomla.org/language/details/zh-CN_details.xml', ''),
(79, 3, 0, 0, 'Greek', '', 'pkg_el-GR', 'package', '', 0, '2.5.6.1', '', 'http://update.joomla.org/language/details/el-GR_details.xml', ''),
(80, 3, 0, 0, 'Greek', '', 'pkg_el-GR', 'package', '', 0, '2.5.6.1', '', 'http://update.joomla.org/language/details/el-GR_details.xml', ''),
(81, 3, 0, 0, 'Esperanto', '', 'pkg_eo-XX', 'package', '', 0, '2.5.6.1', '', 'http://update.joomla.org/language/details/eo-XX_details.xml', ''),
(82, 3, 0, 0, 'Esperanto', '', 'pkg_eo-XX', 'package', '', 0, '2.5.6.1', '', 'http://update.joomla.org/language/details/eo-XX_details.xml', ''),
(83, 3, 0, 0, 'Finnish', '', 'pkg_fi-FI', 'package', '', 0, '2.5.9.1', '', 'http://update.joomla.org/language/details/fi-FI_details.xml', ''),
(84, 3, 0, 0, 'Finnish', '', 'pkg_fi-FI', 'package', '', 0, '2.5.9.1', '', 'http://update.joomla.org/language/details/fi-FI_details.xml', ''),
(85, 3, 0, 0, 'Portuguese Brazil', '', 'pkg_pt-BR', 'package', '', 0, '2.5.9.1', '', 'http://update.joomla.org/language/details/pt-BR_details.xml', ''),
(86, 3, 0, 0, 'Portuguese Brazil', '', 'pkg_pt-BR', 'package', '', 0, '2.5.9.1', '', 'http://update.joomla.org/language/details/pt-BR_details.xml', ''),
(87, 3, 0, 0, 'Chinese Traditional', '', 'pkg_zh-TW', 'package', '', 0, '2.5.7.2', '', 'http://update.joomla.org/language/details/zh-TW_details.xml', ''),
(88, 3, 0, 0, 'Chinese Traditional', '', 'pkg_zh-TW', 'package', '', 0, '2.5.7.2', '', 'http://update.joomla.org/language/details/zh-TW_details.xml', ''),
(89, 3, 0, 0, 'Vietnamese', '', 'pkg_vi-VN', 'package', '', 0, '2.5.8.1', '', 'http://update.joomla.org/language/details/vi-VN_details.xml', ''),
(90, 3, 0, 0, 'Vietnamese', '', 'pkg_vi-VN', 'package', '', 0, '2.5.8.1', '', 'http://update.joomla.org/language/details/vi-VN_details.xml', ''),
(91, 3, 0, 0, 'Kurdish Sorani', '', 'pkg_ckb-IQ', 'package', '', 0, '2.5.9.1', '', 'http://update.joomla.org/language/details/ckb-IQ_details.xml', ''),
(92, 3, 0, 0, 'Kurdish Sorani', '', 'pkg_ckb-IQ', 'package', '', 0, '2.5.9.1', '', 'http://update.joomla.org/language/details/ckb-IQ_details.xml', ''),
(93, 3, 0, 0, 'Bosnian', '', 'pkg_bs-BA', 'package', '', 0, '2.5.8.1', '', 'http://update.joomla.org/language/details/bs-BA_details.xml', ''),
(94, 3, 0, 0, 'Bosnian', '', 'pkg_bs-BA', 'package', '', 0, '2.5.8.1', '', 'http://update.joomla.org/language/details/bs-BA_details.xml', ''),
(95, 3, 0, 0, 'Croatian', '', 'pkg_hr-HR', 'package', '', 0, '2.5.9.1', '', 'http://update.joomla.org/language/details/hr-HR_details.xml', ''),
(96, 3, 0, 0, 'Croatian', '', 'pkg_hr-HR', 'package', '', 0, '2.5.9.1', '', 'http://update.joomla.org/language/details/hr-HR_details.xml', ''),
(97, 3, 0, 0, 'Azeri', '', 'pkg_az-AZ', 'package', '', 0, '2.5.7.1', '', 'http://update.joomla.org/language/details/az-AZ_details.xml', ''),
(98, 3, 0, 0, 'Azeri', '', 'pkg_az-AZ', 'package', '', 0, '2.5.7.1', '', 'http://update.joomla.org/language/details/az-AZ_details.xml', ''),
(99, 3, 0, 0, 'Norwegian Nynorsk', '', 'pkg_nn-NO', 'package', '', 0, '2.5.8.1', '', 'http://update.joomla.org/language/details/nn-NO_details.xml', ''),
(100, 3, 0, 0, 'Norwegian Nynorsk', '', 'pkg_nn-NO', 'package', '', 0, '2.5.8.1', '', 'http://update.joomla.org/language/details/nn-NO_details.xml', ''),
(101, 3, 0, 0, 'Tamil India', '', 'pkg_ta-IN', 'package', '', 0, '2.5.9.1', '', 'http://update.joomla.org/language/details/ta-IN_details.xml', ''),
(102, 3, 0, 0, 'Scottish Gaelic', '', 'pkg_gd-GB', 'package', '', 0, '2.5.7.1', '', 'http://update.joomla.org/language/details/gd-GB_details.xml', ''),
(103, 3, 0, 0, 'Scottish Gaelic', '', 'pkg_gd-GB', 'package', '', 0, '2.5.7.1', '', 'http://update.joomla.org/language/details/gd-GB_details.xml', ''),
(104, 3, 0, 0, 'Thai', '', 'pkg_th-TH', 'package', '', 0, '2.5.8.1', '', 'http://update.joomla.org/language/details/th-TH_details.xml', ''),
(105, 3, 0, 0, 'Thai', '', 'pkg_th-TH', 'package', '', 0, '2.5.8.1', '', 'http://update.joomla.org/language/details/th-TH_details.xml', ''),
(106, 3, 0, 0, 'Basque', '', 'pkg_eu-ES', 'package', '', 0, '1.7.0.1', '', 'http://update.joomla.org/language/details/eu-ES_details.xml', ''),
(107, 3, 0, 0, 'Basque', '', 'pkg_eu-ES', 'package', '', 0, '1.7.0.1', '', 'http://update.joomla.org/language/details/eu-ES_details.xml', ''),
(108, 3, 0, 0, 'Uyghur', '', 'pkg_ug-CN', 'package', '', 0, '2.5.7.2', '', 'http://update.joomla.org/language/details/ug-CN_details.xml', ''),
(109, 3, 0, 0, 'Uyghur', '', 'pkg_ug-CN', 'package', '', 0, '2.5.7.2', '', 'http://update.joomla.org/language/details/ug-CN_details.xml', ''),
(110, 3, 0, 0, 'Korean', '', 'pkg_ko-KR', 'package', '', 0, '2.5.7.2', '', 'http://update.joomla.org/language/details/ko-KR_details.xml', ''),
(111, 3, 0, 0, 'Korean', '', 'pkg_ko-KR', 'package', '', 0, '2.5.7.2', '', 'http://update.joomla.org/language/details/ko-KR_details.xml', ''),
(112, 3, 0, 0, 'Hindi', '', 'pkg_hi-IN', 'package', '', 0, '2.5.6.1', '', 'http://update.joomla.org/language/details/hi-IN_details.xml', ''),
(113, 3, 0, 0, 'Hindi', '', 'pkg_hi-IN', 'package', '', 0, '2.5.6.1', '', 'http://update.joomla.org/language/details/hi-IN_details.xml', ''),
(114, 3, 0, 0, 'Welsh', '', 'pkg_cy-GB', 'package', '', 0, '2.5.6.1', '', 'http://update.joomla.org/language/details/cy-GB_details.xml', ''),
(115, 3, 0, 0, 'Welsh', '', 'pkg_cy-GB', 'package', '', 0, '2.5.6.1', '', 'http://update.joomla.org/language/details/cy-GB_details.xml', ''),
(116, 3, 0, 0, 'Swahili', '', 'pkg_sw-KE', 'package', '', 0, '2.5.9.1', '', 'http://update.joomla.org/language/details/sw-KE_details.xml', ''),
(117, 1, 0, 0, 'Joomla', '', 'joomla', 'file', '', 0, '2.5.16', '', 'http://update.joomla.org/core/extension.xml', ''),
(118, 1, 0, 0, 'Joomla', '', 'joomla', 'file', '', 0, '2.5.16', '', 'http://update.joomla.org/core/extension.xml', ''),
(119, 3, 0, 0, 'Bahasa Indonesia', '', 'pkg_id-ID', 'package', '', 0, '2.5.13.1', '', 'http://update.joomla.org/language/details/id-ID_details.xml', ''),
(120, 3, 0, 0, 'Danish', '', 'pkg_da-DK', 'package', '', 0, '2.5.14.1', '', 'http://update.joomla.org/language/details/da-DK_details.xml', ''),
(121, 3, 0, 0, 'Bahasa Indonesia', '', 'pkg_id-ID', 'package', '', 0, '2.5.13.1', '', 'http://update.joomla.org/language/details/id-ID_details.xml', ''),
(122, 3, 0, 0, 'Swedish', '', 'pkg_sv-SE', 'package', '', 0, '2.5.10.1', '', 'http://update.joomla.org/language/details/sv-SE_details.xml', ''),
(123, 3, 0, 0, 'Danish', '', 'pkg_da-DK', 'package', '', 0, '2.5.14.1', '', 'http://update.joomla.org/language/details/da-DK_details.xml', ''),
(124, 3, 0, 0, 'Hungarian', '', 'pkg_hu-HU', 'package', '', 0, '2.5.14.1', '', 'http://update.joomla.org/language/details/hu-HU_details.xml', ''),
(125, 3, 0, 0, 'Swedish', '', 'pkg_sv-SE', 'package', '', 0, '2.5.10.1', '', 'http://update.joomla.org/language/details/sv-SE_details.xml', ''),
(126, 3, 0, 0, 'French', '', 'pkg_fr-FR', 'package', '', 0, '2.5.16.2', '', 'http://update.joomla.org/language/details/fr-FR_details.xml', ''),
(127, 3, 0, 0, 'Hungarian', '', 'pkg_hu-HU', 'package', '', 0, '2.5.14.1', '', 'http://update.joomla.org/language/details/hu-HU_details.xml', ''),
(128, 3, 0, 0, 'Italian', '', 'pkg_it-IT', 'package', '', 0, '2.5.15.1', '', 'http://update.joomla.org/language/details/it-IT_details.xml', ''),
(129, 3, 0, 0, 'French', '', 'pkg_fr-FR', 'package', '', 0, '2.5.16.2', '', 'http://update.joomla.org/language/details/fr-FR_details.xml', ''),
(130, 3, 0, 0, 'Spanish', '', 'pkg_es-ES', 'package', '', 0, '2.5.14.1', '', 'http://update.joomla.org/language/details/es-ES_details.xml', ''),
(131, 3, 0, 0, 'Italian', '', 'pkg_it-IT', 'package', '', 0, '2.5.15.1', '', 'http://update.joomla.org/language/details/it-IT_details.xml', ''),
(132, 3, 0, 0, 'Dutch', '', 'pkg_nl-NL', 'package', '', 0, '2.5.14.1', '', 'http://update.joomla.org/language/details/nl-NL_details.xml', ''),
(133, 3, 0, 0, 'Spanish', '', 'pkg_es-ES', 'package', '', 0, '2.5.14.1', '', 'http://update.joomla.org/language/details/es-ES_details.xml', ''),
(134, 3, 0, 0, 'Turkish', '', 'pkg_tr-TR', 'package', '', 0, '2.5.13.1', '', 'http://update.joomla.org/language/details/tr-TR_details.xml', ''),
(135, 3, 0, 0, 'Dutch', '', 'pkg_nl-NL', 'package', '', 0, '2.5.14.1', '', 'http://update.joomla.org/language/details/nl-NL_details.xml', ''),
(136, 3, 0, 0, 'Ukrainian', '', 'pkg_uk-UA', 'package', '', 0, '2.5.13.11', '', 'http://update.joomla.org/language/details/uk-UA_details.xml', ''),
(137, 3, 0, 0, 'Turkish', '', 'pkg_tr-TR', 'package', '', 0, '2.5.13.1', '', 'http://update.joomla.org/language/details/tr-TR_details.xml', ''),
(138, 3, 0, 0, 'Bahasa Indonesia', '', 'pkg_id-ID', 'package', '', 0, '2.5.13.1', '', 'http://update.joomla.org/language/details/id-ID_details.xml', ''),
(139, 3, 0, 0, 'Bahasa Indonesia', '', 'pkg_id-ID', 'package', '', 0, '2.5.13.1', '', 'http://update.joomla.org/language/details/id-ID_details.xml', ''),
(140, 3, 0, 0, 'Danish', '', 'pkg_da-DK', 'package', '', 0, '2.5.14.1', '', 'http://update.joomla.org/language/details/da-DK_details.xml', ''),
(141, 3, 0, 0, 'Danish', '', 'pkg_da-DK', 'package', '', 0, '2.5.14.1', '', 'http://update.joomla.org/language/details/da-DK_details.xml', ''),
(142, 3, 0, 0, 'Swedish', '', 'pkg_sv-SE', 'package', '', 0, '2.5.10.1', '', 'http://update.joomla.org/language/details/sv-SE_details.xml', ''),
(143, 3, 0, 0, 'Swedish', '', 'pkg_sv-SE', 'package', '', 0, '2.5.10.1', '', 'http://update.joomla.org/language/details/sv-SE_details.xml', ''),
(144, 3, 0, 0, 'Hungarian', '', 'pkg_hu-HU', 'package', '', 0, '2.5.14.1', '', 'http://update.joomla.org/language/details/hu-HU_details.xml', ''),
(145, 3, 0, 0, 'Hungarian', '', 'pkg_hu-HU', 'package', '', 0, '2.5.14.1', '', 'http://update.joomla.org/language/details/hu-HU_details.xml', ''),
(146, 3, 0, 0, 'French', '', 'pkg_fr-FR', 'package', '', 0, '2.5.16.2', '', 'http://update.joomla.org/language/details/fr-FR_details.xml', ''),
(147, 3, 0, 0, 'French', '', 'pkg_fr-FR', 'package', '', 0, '2.5.16.2', '', 'http://update.joomla.org/language/details/fr-FR_details.xml', ''),
(148, 3, 0, 0, 'Italian', '', 'pkg_it-IT', 'package', '', 0, '2.5.15.1', '', 'http://update.joomla.org/language/details/it-IT_details.xml', ''),
(149, 3, 0, 0, 'Italian', '', 'pkg_it-IT', 'package', '', 0, '2.5.15.1', '', 'http://update.joomla.org/language/details/it-IT_details.xml', ''),
(150, 3, 0, 0, 'Spanish', '', 'pkg_es-ES', 'package', '', 0, '2.5.14.1', '', 'http://update.joomla.org/language/details/es-ES_details.xml', ''),
(151, 3, 0, 0, 'Spanish', '', 'pkg_es-ES', 'package', '', 0, '2.5.14.1', '', 'http://update.joomla.org/language/details/es-ES_details.xml', ''),
(152, 3, 0, 0, 'Dutch', '', 'pkg_nl-NL', 'package', '', 0, '2.5.14.1', '', 'http://update.joomla.org/language/details/nl-NL_details.xml', '');

-- --------------------------------------------------------

--
-- Table structure for table `pjyu3_update_categories`
--

CREATE TABLE IF NOT EXISTS `pjyu3_update_categories` (
  `categoryid` int(11) NOT NULL AUTO_INCREMENT,
  `name` varchar(20) DEFAULT '',
  `description` text NOT NULL,
  `parent` int(11) DEFAULT '0',
  `updatesite` int(11) DEFAULT '0',
  PRIMARY KEY (`categoryid`)
) ENGINE=InnoDB DEFAULT CHARSET=utf8 COMMENT='Update Categories' AUTO_INCREMENT=1 ;

-- --------------------------------------------------------

--
-- Table structure for table `pjyu3_update_sites`
--

CREATE TABLE IF NOT EXISTS `pjyu3_update_sites` (
  `update_site_id` int(11) NOT NULL AUTO_INCREMENT,
  `name` varchar(100) DEFAULT '',
  `type` varchar(20) DEFAULT '',
  `location` text NOT NULL,
  `enabled` int(11) DEFAULT '0',
  `last_check_timestamp` bigint(20) DEFAULT '0',
  PRIMARY KEY (`update_site_id`)
) ENGINE=InnoDB  DEFAULT CHARSET=utf8 COMMENT='Update Sites' AUTO_INCREMENT=5 ;

--
-- Dumping data for table `pjyu3_update_sites`
--

INSERT INTO `pjyu3_update_sites` (`update_site_id`, `name`, `type`, `location`, `enabled`, `last_check_timestamp`) VALUES
(1, 'Joomla Core', 'collection', 'http://update.joomla.org/core/list.xml', 1, 1385359954),
(2, 'Joomla Extension Directory', 'collection', 'http://update.joomla.org/jed/list.xml', 1, 1385359954),
(3, 'Accredited Joomla! Translations', 'collection', 'http://update.joomla.org/language/translationlist.xml', 1, 1363839529),
(4, 'JCE Editor Updates', 'extension', 'https://www.joomlacontenteditor.net/index.php?option=com_updates&view=update&format=xml&id=1\n        ', 0, 1363439621);

-- --------------------------------------------------------

--
-- Table structure for table `pjyu3_update_sites_extensions`
--

CREATE TABLE IF NOT EXISTS `pjyu3_update_sites_extensions` (
  `update_site_id` int(11) NOT NULL DEFAULT '0',
  `extension_id` int(11) NOT NULL DEFAULT '0',
  PRIMARY KEY (`update_site_id`,`extension_id`)
) ENGINE=InnoDB DEFAULT CHARSET=utf8 COMMENT='Links extensions to update sites';

--
-- Dumping data for table `pjyu3_update_sites_extensions`
--

INSERT INTO `pjyu3_update_sites_extensions` (`update_site_id`, `extension_id`) VALUES
(1, 700),
(2, 700),
(3, 600),
(4, 10032);

-- --------------------------------------------------------

--
-- Table structure for table `pjyu3_usergroups`
--

CREATE TABLE IF NOT EXISTS `pjyu3_usergroups` (
  `id` int(10) unsigned NOT NULL AUTO_INCREMENT COMMENT 'Primary Key',
  `parent_id` int(10) unsigned NOT NULL DEFAULT '0' COMMENT 'Adjacency List Reference Id',
  `lft` int(11) NOT NULL DEFAULT '0' COMMENT 'Nested set lft.',
  `rgt` int(11) NOT NULL DEFAULT '0' COMMENT 'Nested set rgt.',
  `title` varchar(100) NOT NULL DEFAULT '',
  PRIMARY KEY (`id`),
  UNIQUE KEY `idx_usergroup_parent_title_lookup` (`parent_id`,`title`),
  KEY `idx_usergroup_title_lookup` (`title`),
  KEY `idx_usergroup_adjacency_lookup` (`parent_id`),
  KEY `idx_usergroup_nested_set_lookup` (`lft`,`rgt`) USING BTREE
) ENGINE=InnoDB  DEFAULT CHARSET=utf8 AUTO_INCREMENT=9 ;

--
-- Dumping data for table `pjyu3_usergroups`
--

INSERT INTO `pjyu3_usergroups` (`id`, `parent_id`, `lft`, `rgt`, `title`) VALUES
(1, 0, 1, 20, 'Public'),
(2, 1, 6, 17, 'Registered'),
(3, 2, 7, 14, 'Author'),
(4, 3, 8, 11, 'Editor'),
(5, 4, 9, 10, 'Publisher'),
(6, 1, 2, 5, 'Manager'),
(7, 6, 3, 4, 'Administrator'),
(8, 1, 18, 19, 'Super Users');

-- --------------------------------------------------------

--
-- Table structure for table `pjyu3_users`
--

CREATE TABLE IF NOT EXISTS `pjyu3_users` (
  `id` int(11) NOT NULL AUTO_INCREMENT,
  `name` varchar(255) NOT NULL DEFAULT '',
  `username` varchar(150) NOT NULL DEFAULT '',
  `email` varchar(100) NOT NULL DEFAULT '',
  `password` varchar(100) NOT NULL DEFAULT '',
  `usertype` varchar(25) NOT NULL DEFAULT '',
  `block` tinyint(4) NOT NULL DEFAULT '0',
  `sendEmail` tinyint(4) DEFAULT '0',
  `registerDate` datetime NOT NULL DEFAULT '0000-00-00 00:00:00',
  `lastvisitDate` datetime NOT NULL DEFAULT '0000-00-00 00:00:00',
  `activation` varchar(100) NOT NULL DEFAULT '',
  `params` text NOT NULL,
  `lastResetTime` datetime NOT NULL DEFAULT '0000-00-00 00:00:00' COMMENT 'Date of last password reset',
  `resetCount` int(11) NOT NULL DEFAULT '0' COMMENT 'Count of password resets since lastResetTime',
  PRIMARY KEY (`id`),
  KEY `usertype` (`usertype`),
  KEY `idx_name` (`name`),
  KEY `idx_block` (`block`),
  KEY `username` (`username`),
  KEY `email` (`email`)
) ENGINE=InnoDB  DEFAULT CHARSET=utf8 AUTO_INCREMENT=572 ;

--
-- Dumping data for table `pjyu3_users`
--

INSERT INTO `pjyu3_users` (`id`, `name`, `username`, `email`, `password`, `usertype`, `block`, `sendEmail`, `registerDate`, `lastvisitDate`, `activation`, `params`, `lastResetTime`, `resetCount`) VALUES
(571, 'Super User', 'admin', 'admin@admin.com', '5f4dcc3b5aa765d61d8327deb882cf99', 'deprecated', 0, 1, '2013-03-13 12:39:47', '2013-11-25 06:12:12', '0', '', '0000-00-00 00:00:00', 0);

-- --------------------------------------------------------

--
-- Table structure for table `pjyu3_user_notes`
--

CREATE TABLE IF NOT EXISTS `pjyu3_user_notes` (
  `id` int(10) unsigned NOT NULL AUTO_INCREMENT,
  `user_id` int(10) unsigned NOT NULL DEFAULT '0',
  `catid` int(10) unsigned NOT NULL DEFAULT '0',
  `subject` varchar(100) NOT NULL DEFAULT '',
  `body` text NOT NULL,
  `state` tinyint(3) NOT NULL DEFAULT '0',
  `checked_out` int(10) unsigned NOT NULL DEFAULT '0',
  `checked_out_time` datetime NOT NULL DEFAULT '0000-00-00 00:00:00',
  `created_user_id` int(10) unsigned NOT NULL DEFAULT '0',
  `created_time` datetime NOT NULL DEFAULT '0000-00-00 00:00:00',
  `modified_user_id` int(10) unsigned NOT NULL,
  `modified_time` datetime NOT NULL DEFAULT '0000-00-00 00:00:00',
  `review_time` datetime NOT NULL DEFAULT '0000-00-00 00:00:00',
  `publish_up` datetime NOT NULL DEFAULT '0000-00-00 00:00:00',
  `publish_down` datetime NOT NULL DEFAULT '0000-00-00 00:00:00',
  PRIMARY KEY (`id`),
  KEY `idx_user_id` (`user_id`),
  KEY `idx_category_id` (`catid`)
) ENGINE=InnoDB DEFAULT CHARSET=utf8 AUTO_INCREMENT=1 ;

-- --------------------------------------------------------

--
-- Table structure for table `pjyu3_user_profiles`
--

CREATE TABLE IF NOT EXISTS `pjyu3_user_profiles` (
  `user_id` int(11) NOT NULL,
  `profile_key` varchar(100) NOT NULL,
  `profile_value` varchar(255) NOT NULL,
  `ordering` int(11) NOT NULL DEFAULT '0',
  UNIQUE KEY `idx_user_id_profile_key` (`user_id`,`profile_key`)
) ENGINE=InnoDB DEFAULT CHARSET=utf8 COMMENT='Simple user profile storage table';

-- --------------------------------------------------------

--
-- Table structure for table `pjyu3_user_usergroup_map`
--

CREATE TABLE IF NOT EXISTS `pjyu3_user_usergroup_map` (
  `user_id` int(10) unsigned NOT NULL DEFAULT '0' COMMENT 'Foreign Key to #__users.id',
  `group_id` int(10) unsigned NOT NULL DEFAULT '0' COMMENT 'Foreign Key to #__usergroups.id',
  PRIMARY KEY (`user_id`,`group_id`)
) ENGINE=InnoDB DEFAULT CHARSET=utf8;

--
-- Dumping data for table `pjyu3_user_usergroup_map`
--

INSERT INTO `pjyu3_user_usergroup_map` (`user_id`, `group_id`) VALUES
(571, 8);

-- --------------------------------------------------------

--
-- Table structure for table `pjyu3_viewlevels`
--

CREATE TABLE IF NOT EXISTS `pjyu3_viewlevels` (
  `id` int(10) unsigned NOT NULL AUTO_INCREMENT COMMENT 'Primary Key',
  `title` varchar(100) NOT NULL DEFAULT '',
  `ordering` int(11) NOT NULL DEFAULT '0',
  `rules` varchar(5120) NOT NULL COMMENT 'JSON encoded access control.',
  PRIMARY KEY (`id`),
  UNIQUE KEY `idx_assetgroup_title_lookup` (`title`)
) ENGINE=InnoDB  DEFAULT CHARSET=utf8 AUTO_INCREMENT=4 ;

--
-- Dumping data for table `pjyu3_viewlevels`
--

INSERT INTO `pjyu3_viewlevels` (`id`, `title`, `ordering`, `rules`) VALUES
(1, 'Public', 0, '[1]'),
(2, 'Registered', 1, '[6,2,8]'),
(3, 'Special', 2, '[6,3,8]');

-- --------------------------------------------------------

--
-- Table structure for table `pjyu3_weblinks`
--

CREATE TABLE IF NOT EXISTS `pjyu3_weblinks` (
  `id` int(10) unsigned NOT NULL AUTO_INCREMENT,
  `catid` int(11) NOT NULL DEFAULT '0',
  `sid` int(11) NOT NULL DEFAULT '0',
  `title` varchar(250) NOT NULL DEFAULT '',
  `alias` varchar(255) CHARACTER SET utf8 COLLATE utf8_bin NOT NULL DEFAULT '',
  `url` varchar(250) NOT NULL DEFAULT '',
  `description` text NOT NULL,
  `date` datetime NOT NULL DEFAULT '0000-00-00 00:00:00',
  `hits` int(11) NOT NULL DEFAULT '0',
  `state` tinyint(1) NOT NULL DEFAULT '0',
  `checked_out` int(11) NOT NULL DEFAULT '0',
  `checked_out_time` datetime NOT NULL DEFAULT '0000-00-00 00:00:00',
  `ordering` int(11) NOT NULL DEFAULT '0',
  `archived` tinyint(1) NOT NULL DEFAULT '0',
  `approved` tinyint(1) NOT NULL DEFAULT '1',
  `access` int(11) NOT NULL DEFAULT '1',
  `params` text NOT NULL,
  `language` char(7) NOT NULL DEFAULT '',
  `created` datetime NOT NULL DEFAULT '0000-00-00 00:00:00',
  `created_by` int(10) unsigned NOT NULL DEFAULT '0',
  `created_by_alias` varchar(255) NOT NULL DEFAULT '',
  `modified` datetime NOT NULL DEFAULT '0000-00-00 00:00:00',
  `modified_by` int(10) unsigned NOT NULL DEFAULT '0',
  `metakey` text NOT NULL,
  `metadesc` text NOT NULL,
  `metadata` text NOT NULL,
  `featured` tinyint(3) unsigned NOT NULL DEFAULT '0' COMMENT 'Set if link is featured.',
  `xreference` varchar(50) NOT NULL COMMENT 'A reference to enable linkages to external data sets.',
  `publish_up` datetime NOT NULL DEFAULT '0000-00-00 00:00:00',
  `publish_down` datetime NOT NULL DEFAULT '0000-00-00 00:00:00',
  PRIMARY KEY (`id`),
  KEY `idx_access` (`access`),
  KEY `idx_checkout` (`checked_out`),
  KEY `idx_state` (`state`),
  KEY `idx_catid` (`catid`),
  KEY `idx_createdby` (`created_by`),
  KEY `idx_featured_catid` (`featured`,`catid`),
  KEY `idx_language` (`language`),
  KEY `idx_xreference` (`xreference`)
) ENGINE=InnoDB  DEFAULT CHARSET=utf8 AUTO_INCREMENT=4 ;

--
-- Dumping data for table `pjyu3_weblinks`
--

INSERT INTO `pjyu3_weblinks` (`id`, `catid`, `sid`, `title`, `alias`, `url`, `description`, `date`, `hits`, `state`, `checked_out`, `checked_out_time`, `ordering`, `archived`, `approved`, `access`, `params`, `language`, `created`, `created_by`, `created_by_alias`, `modified`, `modified_by`, `metakey`, `metadesc`, `metadata`, `featured`, `xreference`, `publish_up`, `publish_down`) VALUES
(1, 9, 0, 'YOOtheme', 'yootheme', 'http://www.yootheme.com', '', '0000-00-00 00:00:00', 2, 1, 0, '0000-00-00 00:00:00', 1, 0, 1, 1, '{"target":"","width":"","height":"","count_clicks":""}', '*', '2012-01-22 12:45:30', 571, '', '2012-01-22 12:46:11', 42, '', '', '', 0, '', '0000-00-00 00:00:00', '0000-00-00 00:00:00'),
(2, 9, 0, 'Icons', 'icons', 'http://www.yootheme.com/icons', '', '0000-00-00 00:00:00', 0, 1, 0, '0000-00-00 00:00:00', 2, 0, 1, 1, '{"target":"","width":"","height":"","count_clicks":""}', '*', '2012-01-22 12:45:46', 571, '', '2012-01-22 12:46:06', 42, '', '', '', 0, '', '0000-00-00 00:00:00', '0000-00-00 00:00:00'),
(3, 9, 0, 'ZOO', 'zoo', 'http://www.yootheme.com/zoo', '', '0000-00-00 00:00:00', 0, 1, 0, '0000-00-00 00:00:00', 3, 0, 1, 1, '{"target":"","width":"","height":"","count_clicks":""}', '*', '2012-01-22 12:45:58', 571, '', '2012-01-22 12:46:15', 42, '', '', '', 0, '', '0000-00-00 00:00:00', '0000-00-00 00:00:00');

-- --------------------------------------------------------

--
-- Table structure for table `pjyu3_wf_profiles`
--

CREATE TABLE IF NOT EXISTS `pjyu3_wf_profiles` (
  `id` int(11) NOT NULL AUTO_INCREMENT,
  `name` varchar(255) NOT NULL,
  `description` varchar(255) NOT NULL,
  `users` text NOT NULL,
  `types` varchar(255) NOT NULL,
  `components` text NOT NULL,
  `area` tinyint(3) NOT NULL,
  `rows` text NOT NULL,
  `plugins` text NOT NULL,
  `published` tinyint(3) NOT NULL,
  `ordering` int(11) NOT NULL,
  `checked_out` tinyint(3) NOT NULL,
  `checked_out_time` datetime NOT NULL,
  `params` text NOT NULL,
  PRIMARY KEY (`id`)
) ENGINE=InnoDB  DEFAULT CHARSET=utf8 AUTO_INCREMENT=4 ;

--
-- Dumping data for table `pjyu3_wf_profiles`
--

INSERT INTO `pjyu3_wf_profiles` (`id`, `name`, `description`, `users`, `types`, `components`, `area`, `rows`, `plugins`, `published`, `ordering`, `checked_out`, `checked_out_time`, `params`) VALUES
(1, 'Default', 'Default Profile for all users', '', '3,4,5,6,8,7', '', 0, 'help,newdocument,undo,redo,spacer,bold,italic,underline,strikethrough,justifyfull,justifycenter,justifyleft,justifyright,spacer,blockquote,formatselect,styleselect,removeformat,cleanup;fontselect,fontsizeselect,forecolor,backcolor,spacer,paste,indent,outdent,numlist,bullist,sub,sup,textcase,charmap,hr;directionality,fullscreen,preview,source,print,searchreplace,spacer,table;visualaid,visualchars,visualblocks,nonbreaking,style,xhtmlxtras,anchor,unlink,link,imgmanager,spellchecker,article', 'contextmenu,browser,inlinepopups,media,help,paste,searchreplace,directionality,fullscreen,preview,source,table,textcase,print,style,nonbreaking,visualchars,visualblocks,xhtmlxtras,imgmanager,anchor,link,spellchecker,article', 1, 1, 0, '0000-00-00 00:00:00', ''),
(2, 'Front End', 'Sample Front-end Profile', '', '3,4,5', '', 1, 'help,newdocument,undo,redo,spacer,bold,italic,underline,strikethrough,justifyfull,justifycenter,justifyleft,justifyright,spacer,formatselect,styleselect;paste,searchreplace,indent,outdent,numlist,bullist,cleanup,charmap,removeformat,hr,sub,sup,textcase,nonbreaking,visualchars,visualblocks;fullscreen,preview,print,visualaid,style,xhtmlxtras,anchor,unlink,link,imgmanager,spellchecker,article', 'contextmenu,inlinepopups,help,paste,searchreplace,fullscreen,preview,print,style,textcase,nonbreaking,visualchars,visualblocks,xhtmlxtras,imgmanager,anchor,link,spellchecker,article', 0, 2, 0, '0000-00-00 00:00:00', ''),
(3, 'Blogger', 'Simple Blogging Profile', '', '3,4,5,6,8,7', '', 0, 'bold,italic,strikethrough,bullist,numlist,blockquote,spacer,justifyleft,justifycenter,justifyright,spacer,link,unlink,imgmanager,article,spellchecker,fullscreen,kitchensink;formatselect,underline,justifyfull,forecolor,paste,removeformat,charmap,indent,outdent,undo,redo,help', 'link,imgmanager,article,spellchecker,fullscreen,kitchensink,paste,contextmenu,inlinepopups', 0, 3, 0, '0000-00-00 00:00:00', '{"editor":{"toggle":"0"}}');

-- --------------------------------------------------------

--
-- Table structure for table `pjyu3_widgetkit_widget`
--

CREATE TABLE IF NOT EXISTS `pjyu3_widgetkit_widget` (
  `id` int(11) NOT NULL AUTO_INCREMENT,
  `type` varchar(255) NOT NULL,
  `style` varchar(255) NOT NULL,
  `name` varchar(255) NOT NULL,
  `content` text NOT NULL,
  `created` datetime NOT NULL,
  `modified` datetime NOT NULL,
  PRIMARY KEY (`id`)
) ENGINE=InnoDB  DEFAULT CHARSET=utf8 AUTO_INCREMENT=56 ;

--
-- Dumping data for table `pjyu3_widgetkit_widget`
--

INSERT INTO `pjyu3_widgetkit_widget` (`id`, `type`, `style`, `name`, `content`, `created`, `modified`) VALUES
(10, 'slideshow', 'default', 'Demo Default', '{"type":"slideshow","id":10,"name":"Demo Default","settings":{"style":"default","autoplay":1,"interval":5000,"width":600,"height":300,"duration":500,"index":0,"order":"default","navigation":1,"buttons":1,"slices":15,"animated":"randomFx","caption_animation_duration":500},"style":"default","items":{"4dd00c3ee01f3":{"title":"Slide 1","content":"<a href=\\"#\\"><img src=\\"images\\/yootheme\\/widgetkit\\/slideshow\\/image1.jpg\\" width=\\"600\\" height=\\"300\\" alt=\\"Image 01\\" \\/><\\/a>","caption":"","navigation":""},"4dd00c473c0f2":{"title":"Slide 2","content":"<a href=\\"#\\"><img src=\\"images\\/yootheme\\/widgetkit\\/slideshow\\/image2.jpg\\" width=\\"600\\" height=\\"300\\" alt=\\"Image 02\\" \\/><\\/a>","caption":"This is a HTML caption with a <a href=\\"#\\">link<\\/a>.","navigation":""},"4dd00c4eb7982":{"title":"Slide 3","content":"<a href=\\"#\\"><img src=\\"images\\/yootheme\\/widgetkit\\/slideshow\\/image3.jpg\\" width=\\"600\\" height=\\"300\\" alt=\\"Image 03\\" \\/><\\/a>","caption":"This is another HTML caption with a <a href=\\"#\\">link<\\/a>.","navigation":""},"4de3f1aa49f9a":{"title":"Slide 4","content":"<a href=\\"#\\"><img src=\\"images\\/yootheme\\/widgetkit\\/slideshow\\/image4.jpg\\" width=\\"600\\" height=\\"300\\" alt=\\"Image 04\\" \\/><\\/a>","caption":"","navigation":""},"4de3f1ab9f6c9":{"title":"Slide 5","content":"<a href=\\"#\\"><img src=\\"images\\/yootheme\\/widgetkit\\/slideshow\\/image5.jpg\\" width=\\"600\\" height=\\"300\\" alt=\\"Image 05\\" \\/><\\/a>","caption":"","navigation":""}}}', '2011-05-15 17:24:01', '2012-06-06 15:37:32'),
(19, 'gallery', 'default', 'Demo Slideshow', '{"type":"gallery","id":19,"name":"Demo Slideshow","settings":{"style":"default","width":600,"height":300,"autoplay":0,"order":"default","interval":5000,"duration":500,"index":0,"navigation":1,"buttons":1,"slices":15,"animated":"randomFx","caption_animation_duration":500,"lightbox":0},"style":"default","paths":["\\/yootheme\\/widgetkit\\/slideshow"],"captions":{"\\/yootheme\\/widgetkit\\/slideshow\\/image1.jpg":"","\\/yootheme\\/widgetkit\\/slideshow\\/image2.jpg":"This is a HTML caption with a <a href=\\"#\\">link<\\/a>.","\\/yootheme\\/widgetkit\\/slideshow\\/image3.jpg":"This is another HTML caption with a <a href=\\"#\\">link<\\/a>.","\\/yootheme\\/widgetkit\\/slideshow\\/image4.jpg":"","\\/yootheme\\/widgetkit\\/slideshow\\/image5.jpg":""},"links":{"\\/yootheme\\/widgetkit\\/slideshow\\/image1.jpg":"","\\/yootheme\\/widgetkit\\/slideshow\\/image2.jpg":"","\\/yootheme\\/widgetkit\\/slideshow\\/image3.jpg":"","\\/yootheme\\/widgetkit\\/slideshow\\/image4.jpg":"","\\/yootheme\\/widgetkit\\/slideshow\\/image5.jpg":""}}', '2011-06-29 17:52:08', '2012-07-09 16:10:12'),
(23, 'gallery', 'wall', 'Demo Wall Spotlight', '{"type":"gallery","id":23,"name":"Demo Wall Spotlight","settings":{"style":"wall","width":200,"height":150,"effect":"spotlight","margin":"margin","corners":"round","lightbox":1,"lightbox_caption":1,"spotlight_effect":""},"style":"wall","paths":["\\/yootheme\\/widgetkit\\/gallery"],"captions":{"\\/yootheme\\/widgetkit\\/gallery\\/image1.jpg":"","\\/yootheme\\/widgetkit\\/gallery\\/image2.jpg":"","\\/yootheme\\/widgetkit\\/gallery\\/image3.jpg":"","\\/yootheme\\/widgetkit\\/gallery\\/image4.jpg":"","\\/yootheme\\/widgetkit\\/gallery\\/image5.jpg":"","\\/yootheme\\/widgetkit\\/gallery\\/image6.jpg":""},"links":{"\\/yootheme\\/widgetkit\\/gallery\\/image1.jpg":"","\\/yootheme\\/widgetkit\\/gallery\\/image2.jpg":"","\\/yootheme\\/widgetkit\\/gallery\\/image3.jpg":"","\\/yootheme\\/widgetkit\\/gallery\\/image4.jpg":"","\\/yootheme\\/widgetkit\\/gallery\\/image5.jpg":"","\\/yootheme\\/widgetkit\\/gallery\\/image6.jpg":""}}', '2011-07-03 16:53:00', '2011-07-28 16:18:08'),
(24, 'gallery', 'wall', 'Demo Wall Zoom', '{"type":"gallery","id":24,"name":"Demo Wall Zoom","settings":{"style":"wall","width":105,"height":115,"order":"default","effect":"zoom","margin":"","corners":"round","lightbox":1,"lightbox_caption":1,"spotlight_effect":"fade"},"style":"wall","paths":["\\/yootheme\\/widgetkit\\/gallery\\/zoom"],"captions":{"\\/yootheme\\/widgetkit\\/gallery\\/zoom\\/1.jpg":"","\\/yootheme\\/widgetkit\\/gallery\\/zoom\\/2.jpg":"","\\/yootheme\\/widgetkit\\/gallery\\/zoom\\/3.jpg":"","\\/yootheme\\/widgetkit\\/gallery\\/zoom\\/4.jpg":"","\\/yootheme\\/widgetkit\\/gallery\\/zoom\\/5.jpg":"","\\/yootheme\\/widgetkit\\/gallery\\/zoom\\/6.jpg":"","\\/yootheme\\/widgetkit\\/gallery\\/zoom\\/image1.jpg":"Model 1","\\/yootheme\\/widgetkit\\/gallery\\/zoom\\/image2.jpg":"Model 2","\\/yootheme\\/widgetkit\\/gallery\\/zoom\\/image3.jpg":"Model 3","\\/yootheme\\/widgetkit\\/gallery\\/zoom\\/image4.jpg":"Model 4","\\/yootheme\\/widgetkit\\/gallery\\/zoom\\/image5.jpg":"Model 5","\\/yootheme\\/widgetkit\\/gallery\\/zoom\\/image6.jpg":"Model 6"},"links":{"\\/yootheme\\/widgetkit\\/gallery\\/zoom\\/1.jpg":"","\\/yootheme\\/widgetkit\\/gallery\\/zoom\\/2.jpg":"","\\/yootheme\\/widgetkit\\/gallery\\/zoom\\/3.jpg":"","\\/yootheme\\/widgetkit\\/gallery\\/zoom\\/4.jpg":"","\\/yootheme\\/widgetkit\\/gallery\\/zoom\\/5.jpg":"","\\/yootheme\\/widgetkit\\/gallery\\/zoom\\/6.jpg":"","\\/yootheme\\/widgetkit\\/gallery\\/zoom\\/image1.jpg":"","\\/yootheme\\/widgetkit\\/gallery\\/zoom\\/image2.jpg":"","\\/yootheme\\/widgetkit\\/gallery\\/zoom\\/image3.jpg":"","\\/yootheme\\/widgetkit\\/gallery\\/zoom\\/image4.jpg":"","\\/yootheme\\/widgetkit\\/gallery\\/zoom\\/image5.jpg":"","\\/yootheme\\/widgetkit\\/gallery\\/zoom\\/image6.jpg":""}}', '2011-07-07 15:41:12', '2013-03-16 16:47:34'),
(25, 'gallery', 'wall', 'Demo Wall Polaroid', '{"type":"gallery","id":25,"name":"Demo Wall Polaroid","settings":{"style":"wall","width":200,"height":150,"order":"default","effect":"polaroid","margin":"","corners":"","lightbox":1,"lightbox_caption":1,"spotlight_effect":""},"style":"wall","paths":["\\/yootheme\\/widgetkit\\/gallery\\/polaroid"],"captions":{"\\/yootheme\\/widgetkit\\/gallery\\/polaroid\\/image1.jpg":"Tony","\\/yootheme\\/widgetkit\\/gallery\\/polaroid\\/image2.jpg":"Susan","\\/yootheme\\/widgetkit\\/gallery\\/polaroid\\/image3.jpg":"Jennifer","\\/yootheme\\/widgetkit\\/gallery\\/polaroid\\/image4.jpg":"Kim","\\/yootheme\\/widgetkit\\/gallery\\/polaroid\\/image5.jpg":"Vanessa","\\/yootheme\\/widgetkit\\/gallery\\/polaroid\\/image6.jpg":"Clark"},"links":{"\\/yootheme\\/widgetkit\\/gallery\\/polaroid\\/image1.jpg":"","\\/yootheme\\/widgetkit\\/gallery\\/polaroid\\/image2.jpg":"","\\/yootheme\\/widgetkit\\/gallery\\/polaroid\\/image3.jpg":"","\\/yootheme\\/widgetkit\\/gallery\\/polaroid\\/image4.jpg":"","\\/yootheme\\/widgetkit\\/gallery\\/polaroid\\/image5.jpg":"","\\/yootheme\\/widgetkit\\/gallery\\/polaroid\\/image6.jpg":""}}', '2011-07-07 15:44:32', '2012-01-26 09:53:13'),
(26, 'map', 'default', 'Demo Default', '{"type":"map","id":26,"name":"Demo Default","settings":{"style":"default","width":"auto","height":500,"mapTypeId":"roadmap","zoom":13,"mapCtrl":1,"typeCtrl":1,"popup":2,"directions":1,"styler_invert_lightness":0,"styler_hue":"","styler_saturation":0,"styler_lightness":0,"styler_gamma":0},"style":"default","items":{"4e16d63a2bc97":{"title":"Museum of Modern Art","location":"Museum of Modern Art, New York, NY 10019, USA","lat":"40.7613983","lng":"-73.9776179","icon":"red-dot","popup":"<h3>Museum of Modern Art<\\/h3>\\r\\n11 W 53rd St\\r\\n<br \\/>New York, NY 10019\\r\\n<br \\/>(212) 708-9400\\r\\n<br \\/><a href=\\"http:\\/\\/www.moma.org\\">moma.org<\\/a>"},"4e16d65531670":{"title":"Madison Square Garden","location":"Penn Station, New York, NY 10001, USA","lat":"40.75058","lng":"-73.99358","icon":"red-dot","popup":"<h3>Madison Square Garden<\\/h3>\\r\\n2 Penn Plz # 15\\r\\n<br \\/>New York, NY 10121\\r\\n<br \\/>Get Directions\\r\\n<br \\/>(212) 465-6000\\r\\n<br \\/><a href=\\"http:\\/\\/www.msg.com\\">msg.com<\\/a>"},"4e16d5e1740d8":{"title":"Rockefeller Center","location":"Rockefeller Plaza, Rockefeller Center, New York, NY 10112, USA","lat":"40.7584384","lng":"-73.9789121","icon":"red-dot","popup":"<h3>Rockefeller Center<\\/h3>\\r\\n25 W 51st St\\r\\n<br \\/>New York, NY 10019\\r\\n<br \\/>(212) 262-1600\\r\\n<br \\/><a href=\\"http:\\/\\/www.rockefellercenterhotel.com\\">rockefellercenterhotel.com<\\/a>"},"4e16d6476a880":{"title":"Empire State Building","location":"Empire State Bldg, 350 5th Ave, New York, NY 10001, USA","lat":"40.748379","lng":"-73.98555999999999","icon":"red-dot","popup":"<h3>Empire State Building<\\/h3>\\r\\n350 5th Ave # 3210\\r\\n<br \\/>New York, NY 10118\\r\\n<br \\/>(212) 736-3100\\r\\n<br \\/><a href=\\"http:\\/\\/www.esbnyc.com\\">esbnyc.com<\\/a>"}}}', '2011-07-08 10:05:25', '2011-07-31 15:23:06'),
(27, 'gallery', 'slider', 'Demo Slider Center', '{"type":"gallery","id":27,"name":"Demo Slider Center","settings":{"style":"slider","width":300,"height":200,"total_width":600,"spacing":3,"center":1,"sticky":0,"duration":400,"lightbox":1,"lightbox_caption":1,"spotlight":1,"spotlight_effect":"bottom"},"style":"slider","paths":["\\/yootheme\\/widgetkit\\/gallery\\/slider2"],"captions":{"\\/yootheme\\/widgetkit\\/gallery\\/slider2\\/image1.jpg":"This is a caption for the first image.","\\/yootheme\\/widgetkit\\/gallery\\/slider2\\/image2.jpg":"This is a caption for the second image.","\\/yootheme\\/widgetkit\\/gallery\\/slider2\\/image3.jpg":"This is a caption for the third image.","\\/yootheme\\/widgetkit\\/gallery\\/slider2\\/image4.jpg":"This is a caption for the fourth image."},"links":{"\\/yootheme\\/widgetkit\\/gallery\\/slider2\\/image1.jpg":"","\\/yootheme\\/widgetkit\\/gallery\\/slider2\\/image2.jpg":"","\\/yootheme\\/widgetkit\\/gallery\\/slider2\\/image3.jpg":"","\\/yootheme\\/widgetkit\\/gallery\\/slider2\\/image4.jpg":""}}', '2011-07-08 15:28:38', '2011-07-29 08:28:24'),
(28, 'map', 'default', 'Demo Black', '{"type":"map","id":28,"name":"Demo Black","settings":{"style":"default","width":"auto","height":300,"mapTypeId":"roadmap","zoom":13,"mapCtrl":1,"typeCtrl":0,"popup":1,"directions":0,"styler_invert_lightness":1,"styler_hue":"#ff3300","styler_saturation":-50,"styler_lightness":0,"styler_gamma":0.91},"style":"default","items":{"4e19a7ec5f75a":{"title":"London","location":"Westminster, London, UK","lat":"51.5001524","lng":"-0.1262362","icon":"purple-dot","popup":""}}}', '2011-07-10 13:25:58', '2011-07-12 08:24:47'),
(29, 'map', 'default', 'Demo Minimal', '{"type":"map","id":29,"name":"Demo Minimal","settings":{"style":"default","width":400,"height":200,"mapTypeId":"roadmap","zoom":13,"mapCtrl":0,"typeCtrl":0,"popup":0,"directions":0,"styler_invert_lightness":0,"styler_hue":"","styler_saturation":0,"styler_lightness":0,"styler_gamma":0},"style":"default","items":{"4e1ac310cf33e":{"title":"Hamburg","location":"Hamburg, Germany","lat":"53.553813","lng":"9.991586","icon":"red-dot","popup":""}}}', '2011-07-11 09:33:05', '2011-07-31 15:08:57'),
(30, 'accordion', 'default', 'Demo Default', '{"type":"accordion","id":30,"name":"Demo Default","settings":{"style":"default","collapseall":1,"matchheight":1,"index":0,"duration":500,"width":500},"style":"default","items":{"4e1ac6fe6a20d":{"title":"Slide 1","content":"<img class=\\"align-left\\" src=\\"images\\/yootheme\\/widgetkit\\/accordion\\/image1.png\\" width=\\"115\\" height=\\"105\\" alt=\\"Icon 01\\" \\/>\\r\\n<h3 class=\\"remove-margin-t\\">Headline<\\/h3>\\r\\n<p>Lorem ipsum dolor sit amet, consectetur adipisicing elit, sed do eiusmod tempor incididunt ut labore et dolore magna aliqua.<\\/p>"},"4e1ac708561be":{"title":"Slide 2","content":"<img class=\\"align-left\\" src=\\"images\\/yootheme\\/widgetkit\\/accordion\\/image2.png\\" width=\\"115\\" height=\\"105\\" alt=\\"Icon 02\\" \\/>\\r\\n<h3 class=\\"remove-margin-t\\">Headline<\\/h3>\\r\\n<p>Lorem ipsum dolor sit amet, consectetur adipisicing elit, sed do eiusmod tempor incididunt ut labore et dolore magna aliqua.<\\/p>"},"4e1ac70cb840e":{"title":"Slide 3","content":"<img class=\\"align-left\\" src=\\"images\\/yootheme\\/widgetkit\\/accordion\\/image3.png\\" width=\\"115\\" height=\\"105\\" alt=\\"Icon 03\\" \\/>\\r\\n<h3 class=\\"remove-margin-t\\">Headline<\\/h3>\\r\\n<p>Lorem ipsum dolor sit amet, consectetur adipisicing elit, sed do eiusmod tempor incididunt ut labore et dolore magna aliqua.<\\/p>"},"4e1ac711bbabe":{"title":"Slide 4","content":"<img class=\\"align-left\\" src=\\"images\\/yootheme\\/widgetkit\\/accordion\\/image4.png\\" width=\\"115\\" height=\\"105\\" alt=\\"Icon 04\\" \\/>\\r\\n<h3 class=\\"remove-margin-t\\">Headline<\\/h3>\\r\\n<p>Lorem ipsum dolor sit amet, consectetur adipisicing elit, sed do eiusmod tempor incididunt ut labore et dolore magna aliqua.<\\/p>"}}}', '2011-07-11 09:49:12', '2011-12-13 20:05:58'),
(31, 'gallery', 'slider', 'Demo Slider Left', '{"type":"gallery","id":31,"name":"Demo Slider Left","settings":{"style":"slider","width":300,"height":200,"total_width":600,"spacing":3,"center":0,"sticky":0,"duration":400,"lightbox":0,"lightbox_caption":1,"spotlight":0,"spotlight_effect":""},"style":"slider","paths":["\\/yootheme\\/widgetkit\\/gallery\\/slider1"],"captions":{"\\/yootheme\\/widgetkit\\/gallery\\/slider1\\/image1.jpg":"","\\/yootheme\\/widgetkit\\/gallery\\/slider1\\/image2.jpg":"","\\/yootheme\\/widgetkit\\/gallery\\/slider1\\/image3.jpg":"","\\/yootheme\\/widgetkit\\/gallery\\/slider1\\/image4.jpg":""},"links":{"\\/yootheme\\/widgetkit\\/gallery\\/slider1\\/image1.jpg":"","\\/yootheme\\/widgetkit\\/gallery\\/slider1\\/image2.jpg":"","\\/yootheme\\/widgetkit\\/gallery\\/slider1\\/image3.jpg":"","\\/yootheme\\/widgetkit\\/gallery\\/slider1\\/image4.jpg":""}}', '2011-07-12 18:23:44', '2011-07-29 07:48:55'),
(32, 'slideset', 'default', 'Demo Slide', '{"type":"slideset","id":32,"name":"Demo Slide","settings":{"style":"default","width":"auto","height":"auto","effect":"slide","index":0,"autoplay":1,"interval":5000,"items_per_set":4,"navigation":1,"buttons":1,"title":1,"duration":300},"style":"default","items":{"4e30070bb3f2c":{"title":"Primadonna","content":"<img src=\\"images\\/yootheme\\/widgetkit\\/slideset\\/brand1.jpg\\" width=\\"115\\" height=\\"60\\" alt=\\"brand1\\" \\/>","group":"","set":"Set 1"},"4e30071628817":{"title":"Nike","content":"<img src=\\"images\\/yootheme\\/widgetkit\\/slideset\\/brand2.jpg\\" width=\\"115\\" height=\\"60\\" alt=\\"brand2\\" \\/>","group":"","set":"Set 1"},"4e30071b515e1":{"title":"Vans","content":"<img src=\\"images\\/yootheme\\/widgetkit\\/slideset\\/brand3.jpg\\" width=\\"115\\" height=\\"60\\" alt=\\"brand3\\" \\/>","group":"","set":"Set 1"},"4e300720a131e":{"title":"Converse","content":"<img src=\\"images\\/yootheme\\/widgetkit\\/slideset\\/brand4.jpg\\" width=\\"115\\" height=\\"60\\" alt=\\"brand4\\" \\/>","group":"","set":"Set 1"},"4e300725404e2":{"title":"Circa","content":"<img src=\\"images\\/yootheme\\/widgetkit\\/slideset\\/brand5.jpg\\" width=\\"115\\" height=\\"60\\" alt=\\"brand5\\" \\/>","group":"","set":"Set 2"},"4e301094b3b19":{"title":"Osiris","content":"<img src=\\"images\\/yootheme\\/widgetkit\\/slideset\\/brand6.jpg\\" width=\\"115\\" height=\\"60\\" alt=\\"brand6\\" \\/>","set":"Set 2"},"4e301099469eb":{"title":"Primadonna","content":"<img src=\\"images\\/yootheme\\/widgetkit\\/slideset\\/brand1.jpg\\" width=\\"115\\" height=\\"60\\" alt=\\"brand1\\" \\/>","set":"Set 2"},"4e30109dc7253":{"title":"Nike","content":"<img src=\\"images\\/yootheme\\/widgetkit\\/slideset\\/brand2.jpg\\" width=\\"115\\" height=\\"60\\" alt=\\"brand2\\" \\/>","set":"Set 2"},"4e30109faa62d":{"title":"Vans","content":"<img src=\\"images\\/yootheme\\/widgetkit\\/slideset\\/brand3.jpg\\" width=\\"115\\" height=\\"60\\" alt=\\"brand3\\" \\/>","set":"Set 3"},"4e3010a16c585":{"title":"Converse","content":"<img src=\\"images\\/yootheme\\/widgetkit\\/slideset\\/brand4.jpg\\" width=\\"115\\" height=\\"60\\" alt=\\"brand4\\" \\/>","set":"Set 3"},"4e329ee00dfeb":{"title":"Circa","set":"Set 3","content":"<img src=\\"images\\/yootheme\\/widgetkit\\/slideset\\/brand5.jpg\\" width=\\"115\\" height=\\"60\\" alt=\\"brand5\\" \\/>"},"4e329ee198f40":{"title":"Osiris","set":"Set 3","content":"<img src=\\"images\\/yootheme\\/widgetkit\\/slideset\\/brand6.jpg\\" width=\\"115\\" height=\\"60\\" alt=\\"brand6\\" \\/>"}}}', '2011-07-27 12:40:13', '2013-03-16 16:33:28'),
(33, 'slideset', 'default', 'Demo Zoom', '{"type":"slideset","id":33,"name":"Demo Zoom","settings":{"style":"default","width":"auto","height":"auto","effect":"zoom","index":0,"autoplay":1,"interval":7000,"items_per_set":"set","navigation":2,"buttons":0,"title":0,"duration":300},"style":"default","items":{"4e30070bb3f2c":{"title":"Icon 1","content":"<a href=\\"#\\"><img src=\\"images\\/yootheme\\/widgetkit\\/slideset\\/sets\\/movie1.png\\" width=\\"115\\" height=\\"115\\" alt=\\"Icon 01\\" \\/><\\/a>","group":"","set":"Movies"},"4e30071628817":{"title":"Icon 2","content":"<a href=\\"#\\"><img src=\\"images\\/yootheme\\/widgetkit\\/slideset\\/sets\\/movie2.png\\" width=\\"115\\" height=\\"115\\" alt=\\"Icon 02\\" \\/><\\/a>","group":"","set":"Movies"},"4e30071b515e1":{"title":"Icon 3","content":"<a href=\\"#\\"><img src=\\"images\\/yootheme\\/widgetkit\\/slideset\\/sets\\/movie3.png\\" width=\\"115\\" height=\\"115\\" alt=\\"Icon 03\\" \\/><\\/a>","group":"","set":"Movies"},"4e300720a131e":{"title":"Icon 4","content":"<a href=\\"#\\"><img src=\\"images\\/yootheme\\/widgetkit\\/slideset\\/sets\\/movie4.png\\" width=\\"115\\" height=\\"115\\" alt=\\"Icon 04\\" \\/><\\/a>","group":"","set":"Movies"},"4e300725404e2":{"title":"Item 5","content":"<a href=\\"#\\"><img src=\\"images\\/yootheme\\/widgetkit\\/slideset\\/sets\\/book1.png\\" width=\\"90\\" height=\\"115\\" alt=\\"Icon 05\\" \\/><\\/a>","group":"","set":"Books"},"4e301094b3b19":{"title":"Icon 6","content":"<a href=\\"#\\"><img src=\\"images\\/yootheme\\/widgetkit\\/slideset\\/sets\\/book2.png\\" width=\\"90\\" height=\\"115\\" alt=\\"Icon 06\\" \\/><\\/a>","set":"Books"},"4e301099469eb":{"title":"Icon 7","content":"<a href=\\"#\\"><img src=\\"images\\/yootheme\\/widgetkit\\/slideset\\/sets\\/book3.png\\" width=\\"90\\" height=\\"115\\" alt=\\"Icon 07\\" \\/><\\/a>","set":"Books"},"4e30109dc7253":{"title":"Icon 8","content":"<a href=\\"#\\"><img src=\\"images\\/yootheme\\/widgetkit\\/slideset\\/sets\\/book4.png\\" width=\\"90\\" height=\\"115\\" alt=\\"Icon 08\\" \\/><\\/a>","set":"Books"},"4e30109faa62d":{"title":"Icon 9","content":"<a href=\\"#\\"><img src=\\"images\\/yootheme\\/widgetkit\\/slideset\\/sets\\/book5.png\\" width=\\"90\\" height=\\"115\\" alt=\\"Icon 09\\" \\/><\\/a>","set":"Books"},"4e3010a16c585":{"title":"Icon 10","content":"<a href=\\"#\\"><img src=\\"images\\/yootheme\\/widgetkit\\/slideset\\/sets\\/music1.png\\" width=\\"115\\" height=\\"115\\" alt=\\"Icon 10\\" \\/><\\/a>","set":"Music"},"4e329ee00dfeb":{"title":"Icon 11","set":"Music","content":"<a href=\\"#\\"><img src=\\"images\\/yootheme\\/widgetkit\\/slideset\\/sets\\/music2.png\\" width=\\"115\\" height=\\"115\\" alt=\\"Icon 12\\" \\/><\\/a>"},"4e329ee198f40":{"title":"Icon 12","set":"Music","content":"<a href=\\"#\\"><img src=\\"images\\/yootheme\\/widgetkit\\/slideset\\/sets\\/music3.png\\" width=\\"115\\" height=\\"115\\" alt=\\"Icon 12\\" \\/><\\/a>"},"4f2a65a31c537":{"title":"Icon 13","set":"Music","content":"<a href=\\"#\\"><img src=\\"images\\/yootheme\\/widgetkit\\/slideset\\/sets\\/music4.png\\" width=\\"115\\" height=\\"115\\" alt=\\"Icon 13\\" \\/><\\/a>"}}}', '2011-07-29 11:53:34', '2012-02-27 09:50:28'),
(34, 'slideshow', 'tabs_bar', 'Demo Tabs Bar', '{"type":"slideshow","id":34,"name":"Demo Tabs Bar","settings":{"style":"tabs_bar","autoplay":1,"interval":5000,"width":800,"height":"auto","duration":500,"index":0,"order":"default","navigation":"left","animated":"scroll"},"style":"tabs_bar","items":{"4e511fb86001b":{"title":"Shoes","content":"<img src=\\"images\\/yootheme\\/widgetkit\\/slideshow\\/icons\\/brand1.jpg\\" width=\\"115\\" height=\\"60\\" alt=\\"brand1\\" \\/>&nbsp;<img src=\\"images\\/yootheme\\/widgetkit\\/slideshow\\/icons\\/brand2.jpg\\" width=\\"115\\" height=\\"60\\" alt=\\"brand2\\" \\/>&nbsp;<img src=\\"images\\/yootheme\\/widgetkit\\/slideshow\\/icons\\/brand3.jpg\\" width=\\"115\\" height=\\"60\\" alt=\\"brand3\\" \\/>&nbsp;<img src=\\"images\\/yootheme\\/widgetkit\\/slideshow\\/icons\\/brand4.jpg\\" width=\\"115\\" height=\\"60\\" alt=\\"brand4\\" \\/>&nbsp;<img src=\\"images\\/yootheme\\/widgetkit\\/slideshow\\/icons\\/brand5.jpg\\" width=\\"115\\" height=\\"60\\" alt=\\"brand5\\" \\/>&nbsp;<img src=\\"images\\/yootheme\\/widgetkit\\/slideshow\\/icons\\/brand6.jpg\\" width=\\"115\\" height=\\"60\\" alt=\\"brand6\\" \\/>","caption":""},"4e511fd616557":{"title":"Bags","content":"<img src=\\"images\\/yootheme\\/widgetkit\\/slideshow\\/icons\\/brand2.jpg\\" width=\\"115\\" height=\\"60\\" alt=\\"brand2\\" \\/>"},"51448b942fce9":{"title":"Beauty","content":"<img src=\\"images\\/yootheme\\/widgetkit\\/slideshow\\/icons\\/brand3.jpg\\" width=\\"115\\" height=\\"60\\" alt=\\"brand3\\" \\/>"}}}', '2011-08-21 15:09:51', '2013-03-16 15:48:08'),
(35, 'slideshow', 'tabs_bar', 'Demo Tabs', '{"type":"slideshow","id":35,"name":"Demo Tabs","settings":{"style":"tabs_bar","autoplay":0,"interval":5000,"width":"auto","height":"auto","duration":500,"index":0,"order":"default","navigation":"left","animated":"scroll"},"style":"tabs_bar","items":{"4e511fb86001b":{"title":"Tab One","content":"<img class=\\"align-left\\" src=\\"images\\/yootheme\\/widgetkit\\/slideshow\\/icons\\/image4.png\\" width=\\"115\\" height=\\"105\\" alt=\\"Icon 04\\" \\/>\\r\\n<h3 class=\\"remove-margin-t\\">Headline<\\/h3>\\r\\n<p>Lorem ipsum dolor sit amet, consectetur adipisicing elit, sed do eiusmod tempor incididunt ut labore et dolore magna aliqua.<\\/p>","caption":""},"4e511fd616557":{"title":"Tab Two","content":"<img class=\\"align-left\\" src=\\"images\\/yootheme\\/widgetkit\\/slideshow\\/icons\\/image5.png\\" width=\\"115\\" height=\\"105\\" alt=\\"Icon 05\\" \\/>\\r\\n<h3 class=\\"remove-margin-t\\">Headline<\\/h3>\\r\\n<p>Lorem ipsum dolor sit amet, consectetur adipisicing elit, sed do eiusmod tempor incididunt ut labore et dolore magna aliqua.<\\/p>"},"4e511fd6eeb3b":{"title":"Tab Three","content":"<img class=\\"align-left\\" src=\\"images\\/yootheme\\/widgetkit\\/slideshow\\/icons\\/image6.png\\" width=\\"115\\" height=\\"105\\" alt=\\"Icon 06\\" \\/>\\r\\n<h3 class=\\"remove-margin-t\\">Headline<\\/h3>\\r\\n<p>Lorem ipsum dolor sit amet, consectetur adipisicing elit, sed do eiusmod tempor incididunt ut labore et dolore magna aliqua.<\\/p>"}}}', '2011-08-22 13:43:01', '2013-03-16 15:22:11'),
(36, 'slideshow', 'list', 'Demo List', '{"type":"slideshow","id":36,"name":"Demo List","settings":{"style":"list","autoplay":0,"interval":5000,"width":"auto","height":"auto","duration":500,"index":0,"order":"default","navigation":200,"animated":"scroll"},"style":"list","items":{"4e511fb86001b":{"title":"Item One","content":"<h3 class=\\"remove-margin-t\\">Headline<\\/h3>\\r\\n<img class=\\"align-right\\" src=\\"images\\/yootheme\\/widgetkit\\/slideshow\\/icons\\/image9.png\\" width=\\"115\\" height=\\"105\\" alt=\\"Icon 09\\" \\/>\\r\\n<p>Lorem ipsum dolor sit amet, consectetur adipisicing elit, sed do eiusmod tempor incididunt ut labore et dolore magna aliqua.<\\/p>\\r\\n<p>Lorem ipsum dolor sit amet, consectetur adipisicing elit, sed do eiusmod tempor incididunt ut labore et dolore magna aliqua.<\\/p>","caption":""},"4e511fd616557":{"title":"Item Two","content":"<h3 class=\\"remove-margin-t\\">Headline<\\/h3>\\r\\n<img class=\\"align-right\\" src=\\"images\\/yootheme\\/widgetkit\\/slideshow\\/icons\\/image8.png\\" width=\\"115\\" height=\\"105\\" alt=\\"Icon 08\\" \\/>\\r\\n<p>Lorem ipsum dolor sit amet, consectetur adipisicing elit, sed do eiusmod tempor incididunt ut labore et dolore magna aliqua.<\\/p>\\r\\n<p>Lorem ipsum dolor sit amet, consectetur adipisicing elit, sed do eiusmod tempor incididunt ut labore et dolore magna aliqua.<\\/p>"},"4e511fd6eeb3b":{"title":"Item Three","content":"<h3 class=\\"remove-margin-t\\">Headline<\\/h3>\\r\\n<img class=\\"align-right\\" src=\\"images\\/yootheme\\/widgetkit\\/slideshow\\/icons\\/image7.png\\" width=\\"115\\" height=\\"105\\" alt=\\"Icon 07\\" \\/>\\r\\n<p>Lorem ipsum dolor sit amet, consectetur adipisicing elit, sed do eiusmod tempor incididunt ut labore et dolore magna aliqua.<\\/p>\\r\\n<p>Lorem ipsum dolor sit amet, consectetur adipisicing elit, sed do eiusmod tempor incididunt ut labore et dolore magna aliqua.<\\/p>"}}}', '2011-08-23 09:54:41', '2011-09-05 12:36:22'),
(37, 'slideshow', 'showcase_box', 'Demo Showcase Box', '{"type":"slideshow","id":37,"name":"Demo Showcase Box","settings":{"style":"showcase_box","autoplay":0,"interval":5000,"width":"auto","height":"auto","duration":1500,"index":0,"order":"default","buttons":0,"slices":20,"animated":"rotate","caption_animation_duration":500,"effect":"slide","slideset_buttons":1,"items_per_set":4,"slideset_effect_duration":400},"style":"showcase_box","items":{"4dd00c3ee01f3":{"title":"Slide 1","content":"<img class=\\"align-right\\" src=\\"images\\/yootheme\\/widgetkit\\/slideshow\\/showcase1\\/image1.png\\" width=\\"210\\" height=\\"220\\" alt=\\"Image 01\\" \\/>\\r\\n<h2 class=\\"remove-margin-t\\">Headline<\\/h2>\\r\\n<p>Lorem ipsum dolor sit amet, consectetur adipisicing elit, sed do eiusmod tempor incididunt ut labore et dolore magna aliqua.<\\/p>\\r\\n<p>Lorem ipsum dolor sit amet, consectetur adipisicing elit, sed do eiusmod tempor incididunt ut labore et dolore magna aliqua.<\\/p>\\r\\n<a href=\\"#\\" class=\\"button-default\\">Read more<\\/a>","caption":"","navigation":"<img src=\\"images\\/yootheme\\/widgetkit\\/slideshow\\/showcase1\\/image1_thumb.png\\" width=\\"35\\" height=\\"35\\" alt=\\"Image 01\\" \\/> Item 1"},"4dd00c473c0f2":{"title":"Slide 2","content":"<img class=\\"align-right\\" src=\\"images\\/yootheme\\/widgetkit\\/slideshow\\/showcase1\\/image2.png\\" width=\\"210\\" height=\\"220\\" alt=\\"Image 02\\" \\/>\\r\\n<h2 class=\\"remove-margin-t\\">Headline<\\/h2>\\r\\n<p>Lorem ipsum dolor sit amet, consectetur adipisicing elit, sed do eiusmod tempor incididunt ut labore et dolore magna aliqua.<\\/p>\\r\\n<p>Lorem ipsum dolor sit amet, consectetur adipisicing elit, sed do eiusmod tempor incididunt ut labore et dolore magna aliqua.<\\/p>\\r\\n<a href=\\"#\\" class=\\"button-default\\">Read more<\\/a>","caption":"","navigation":"<img src=\\"images\\/yootheme\\/widgetkit\\/slideshow\\/showcase1\\/image2_thumb.png\\" width=\\"35\\" height=\\"35\\" alt=\\"Image 02\\" \\/> Item 2"},"4dd00c4eb7982":{"title":"Slide 3","content":"<img class=\\"align-right\\" src=\\"images\\/yootheme\\/widgetkit\\/slideshow\\/showcase1\\/image3.png\\" width=\\"210\\" height=\\"220\\" alt=\\"Image 03\\" \\/>\\r\\n<h2 class=\\"remove-margin-t\\">Headline<\\/h2>\\r\\n<p>Lorem ipsum dolor sit amet, consectetur adipisicing elit, sed do eiusmod tempor incididunt ut labore et dolore magna aliqua.<\\/p>\\r\\n<p>Lorem ipsum dolor sit amet, consectetur adipisicing elit, sed do eiusmod tempor incididunt ut labore et dolore magna aliqua.<\\/p>\\r\\n<a href=\\"#\\" class=\\"button-default\\">Read more<\\/a>","caption":"","navigation":"<img src=\\"images\\/yootheme\\/widgetkit\\/slideshow\\/showcase1\\/image3_thumb.png\\" width=\\"35\\" height=\\"35\\" alt=\\"Image 03\\" \\/> Item 3"},"4de3f1aa49f9a":{"title":"Slide 4","content":"<img class=\\"align-right\\" src=\\"images\\/yootheme\\/widgetkit\\/slideshow\\/showcase1\\/image4.png\\" width=\\"210\\" height=\\"220\\" alt=\\"Image 04\\" \\/>\\r\\n<h2 class=\\"remove-margin-t\\">Headline<\\/h2>\\r\\n<p>Lorem ipsum dolor sit amet, consectetur adipisicing elit, sed do eiusmod tempor incididunt ut labore et dolore magna aliqua.<\\/p>\\r\\n<p>Lorem ipsum dolor sit amet, consectetur adipisicing elit, sed do eiusmod tempor incididunt ut labore et dolore magna aliqua.<\\/p>\\r\\n<a href=\\"#\\" class=\\"button-default\\">Read more<\\/a>","caption":"","navigation":"<img src=\\"images\\/yootheme\\/widgetkit\\/slideshow\\/showcase1\\/image4_thumb.png\\" width=\\"35\\" height=\\"35\\" alt=\\"Image 04\\" \\/> Item 4"},"4de3f1ab9f6c9":{"title":"Slide 5","content":"<img class=\\"align-right\\" src=\\"images\\/yootheme\\/widgetkit\\/slideshow\\/showcase1\\/image5.png\\" width=\\"210\\" height=\\"220\\" alt=\\"Image 05\\" \\/>\\r\\n<h2 class=\\"remove-margin-t\\">Headline<\\/h2>\\r\\n<p>Lorem ipsum dolor sit amet, consectetur adipisicing elit, sed do eiusmod tempor incididunt ut labore et dolore magna aliqua.<\\/p>\\r\\n<p>Lorem ipsum dolor sit amet, consectetur adipisicing elit, sed do eiusmod tempor incididunt ut labore et dolore magna aliqua.<\\/p>\\r\\n<a href=\\"#\\" class=\\"button-default\\">Read more<\\/a>","caption":"","navigation":"<img src=\\"images\\/yootheme\\/widgetkit\\/slideshow\\/showcase1\\/image5_thumb.png\\" width=\\"35\\" height=\\"35\\" alt=\\"Image 05\\" \\/> Item 5"},"4e65eda9682e1":{"title":"Slide 6","content":"<img class=\\"align-right\\" src=\\"images\\/yootheme\\/widgetkit\\/slideshow\\/showcase1\\/image6.png\\" width=\\"210\\" height=\\"220\\" alt=\\"Image 06\\" \\/>\\r\\n<h2 class=\\"remove-margin-t\\">Headline<\\/h2>\\r\\n<p>Lorem ipsum dolor sit amet, consectetur adipisicing elit, sed do eiusmod tempor incididunt ut labore et dolore magna aliqua.<\\/p>\\r\\n<p>Lorem ipsum dolor sit amet, consectetur adipisicing elit, sed do eiusmod tempor incididunt ut labore et dolore magna aliqua.<\\/p>\\r\\n<a href=\\"#\\" class=\\"button-default\\">Read more<\\/a>","navigation":"<img src=\\"images\\/yootheme\\/widgetkit\\/slideshow\\/showcase1\\/image6_thumb.png\\" width=\\"35\\" height=\\"35\\" alt=\\"Image 06\\" \\/> Item 6","caption":""},"4e65edadd0d97":{"title":"Slide 7","content":"<img class=\\"align-right\\" src=\\"images\\/yootheme\\/widgetkit\\/slideshow\\/showcase1\\/image7.png\\" width=\\"210\\" height=\\"220\\" alt=\\"Image 07\\" \\/>\\r\\n<h2 class=\\"remove-margin-t\\">Headline<\\/h2>\\r\\n<p>Lorem ipsum dolor sit amet, consectetur adipisicing elit, sed do eiusmod tempor incididunt ut labore et dolore magna aliqua.<\\/p>\\r\\n<p>Lorem ipsum dolor sit amet, consectetur adipisicing elit, sed do eiusmod tempor incididunt ut labore et dolore magna aliqua.<\\/p>\\r\\n<a href=\\"#\\" class=\\"button-default\\">Read more<\\/a>","navigation":"<img src=\\"images\\/yootheme\\/widgetkit\\/slideshow\\/showcase1\\/image7_thumb.png\\" width=\\"35\\" height=\\"35\\" alt=\\"Image 07\\" \\/> Item 7","caption":""},"4e65edb02bf73":{"title":"Slide 8","content":"<img class=\\"align-right\\" src=\\"images\\/yootheme\\/widgetkit\\/slideshow\\/showcase1\\/image8.png\\" width=\\"210\\" height=\\"220\\" alt=\\"Image 08\\" \\/>\\r\\n<h2 class=\\"remove-margin-t\\">Headline<\\/h2>\\r\\n<p>Lorem ipsum dolor sit amet, consectetur adipisicing elit, sed do eiusmod tempor incididunt ut labore et dolore magna aliqua.<\\/p>\\r\\n<p>Lorem ipsum dolor sit amet, consectetur adipisicing elit, sed do eiusmod tempor incididunt ut labore et dolore magna aliqua.<\\/p>\\r\\n<a href=\\"#\\" class=\\"button-default\\">Read more<\\/a>","navigation":"<img src=\\"images\\/yootheme\\/widgetkit\\/slideshow\\/showcase1\\/image8_thumb.png\\" width=\\"35\\" height=\\"35\\" alt=\\"Image 08\\" \\/> Item 8","caption":""}}}', '2011-08-23 15:51:42', '2013-03-16 15:54:12'),
(39, 'gallery', 'showcase_box', 'Demo Showcase Box', '{"type":"gallery","id":39,"name":"Demo Showcase Box","settings":{"style":"showcase_box","width":600,"height":"auto","thumb_width":85,"thumb_height":55,"autoplay":1,"interval":5000,"duration":400,"index":0,"buttons":0,"slices":15,"animated":"randomFx","caption_animation_duration":500,"effect":"zoom","slideset_buttons":1,"items_per_set":4,"slideset_effect_duration":300},"style":"showcase_box","paths":["\\/yootheme\\/widgetkit\\/gallery\\/showcase1"],"captions":{"\\/yootheme\\/widgetkit\\/gallery\\/showcase1\\/image1.jpg":"","\\/yootheme\\/widgetkit\\/gallery\\/showcase1\\/image2.jpg":"This is a HTML caption with a <a href=\\"#\\">link<\\/a>.","\\/yootheme\\/widgetkit\\/gallery\\/showcase1\\/image3.jpg":"This is another HTML caption with a <a href=\\"#\\">link<\\/a>.","\\/yootheme\\/widgetkit\\/gallery\\/showcase1\\/image4.jpg":"","\\/yootheme\\/widgetkit\\/gallery\\/showcase1\\/image5.jpg":"","\\/yootheme\\/widgetkit\\/gallery\\/showcase1\\/image6.jpg":"","\\/yootheme\\/widgetkit\\/gallery\\/showcase1\\/image7.jpg":"","\\/yootheme\\/widgetkit\\/gallery\\/showcase1\\/image8.jpg":""},"links":{"\\/yootheme\\/widgetkit\\/gallery\\/showcase1\\/image1.jpg":"","\\/yootheme\\/widgetkit\\/gallery\\/showcase1\\/image2.jpg":"","\\/yootheme\\/widgetkit\\/gallery\\/showcase1\\/image3.jpg":"","\\/yootheme\\/widgetkit\\/gallery\\/showcase1\\/image4.jpg":"","\\/yootheme\\/widgetkit\\/gallery\\/showcase1\\/image5.jpg":"","\\/yootheme\\/widgetkit\\/gallery\\/showcase1\\/image6.jpg":"","\\/yootheme\\/widgetkit\\/gallery\\/showcase1\\/image7.jpg":"","\\/yootheme\\/widgetkit\\/gallery\\/showcase1\\/image8.jpg":""}}', '2011-09-07 16:58:35', '2012-06-26 16:22:59'),
(40, 'gallery', 'showcase', 'Demo Showcase', '{"type":"gallery","id":40,"name":"Demo Showcase","settings":{"style":"showcase","width":600,"height":"auto","thumb_width":80,"thumb_height":45,"autoplay":0,"interval":5000,"duration":500,"index":0,"buttons":0,"slices":15,"animated":"randomSimple","caption_animation_duration":500,"effect":"zoom","slideset_buttons":1,"items_per_set":5,"slideset_effect_duration":300},"style":"showcase","paths":["\\/yootheme\\/widgetkit\\/gallery\\/showcase2"],"captions":{"\\/yootheme\\/widgetkit\\/gallery\\/showcase2\\/image01.jpg":"","\\/yootheme\\/widgetkit\\/gallery\\/showcase2\\/image02.jpg":"This is a HTML caption with a <a href=\\"#\\">link<\\/a>.","\\/yootheme\\/widgetkit\\/gallery\\/showcase2\\/image03.jpg":"This is another HTML caption with a <a href=\\"#\\">link<\\/a>.","\\/yootheme\\/widgetkit\\/gallery\\/showcase2\\/image04.jpg":"","\\/yootheme\\/widgetkit\\/gallery\\/showcase2\\/image05.jpg":"","\\/yootheme\\/widgetkit\\/gallery\\/showcase2\\/image06.jpg":"","\\/yootheme\\/widgetkit\\/gallery\\/showcase2\\/image07.jpg":"","\\/yootheme\\/widgetkit\\/gallery\\/showcase2\\/image08.jpg":"","\\/yootheme\\/widgetkit\\/gallery\\/showcase2\\/image09.jpg":"","\\/yootheme\\/widgetkit\\/gallery\\/showcase2\\/image10.jpg":""},"links":{"\\/yootheme\\/widgetkit\\/gallery\\/showcase2\\/image01.jpg":"","\\/yootheme\\/widgetkit\\/gallery\\/showcase2\\/image02.jpg":"","\\/yootheme\\/widgetkit\\/gallery\\/showcase2\\/image03.jpg":"","\\/yootheme\\/widgetkit\\/gallery\\/showcase2\\/image04.jpg":"","\\/yootheme\\/widgetkit\\/gallery\\/showcase2\\/image05.jpg":"","\\/yootheme\\/widgetkit\\/gallery\\/showcase2\\/image06.jpg":"","\\/yootheme\\/widgetkit\\/gallery\\/showcase2\\/image07.jpg":"","\\/yootheme\\/widgetkit\\/gallery\\/showcase2\\/image08.jpg":"","\\/yootheme\\/widgetkit\\/gallery\\/showcase2\\/image09.jpg":"","\\/yootheme\\/widgetkit\\/gallery\\/showcase2\\/image10.jpg":""}}', '2011-09-09 15:18:41', '2012-07-09 16:09:35'),
(41, 'slideshow', 'showcase_buttons', 'Demo Showcase Buttons', '{"type":"slideshow","id":41,"name":"Demo Showcase Buttons","settings":{"style":"showcase_buttons","autoplay":0,"interval":5000,"width":600,"height":300,"duration":500,"index":0,"order":"default","buttons":1,"slices":20,"animated":"scale","caption_animation_duration":500,"effect":"zoom","slideset_buttons":0,"items_per_set":4,"slideset_effect_duration":400},"style":"showcase_buttons","items":{"4dd00c3ee01f3":{"title":"Slide 1","content":"<img src=\\"images\\/yootheme\\/widgetkit\\/slideshow\\/showcase2\\/image1.jpg\\" width=\\"600\\" height=\\"300\\" alt=\\"Image 01\\" \\/>","caption":"","navigation":"<img src=\\"images\\/yootheme\\/widgetkit\\/slideshow\\/showcase1\\/image1_thumb.png\\" width=\\"35\\" height=\\"35\\" alt=\\"Image 01\\" \\/> Item 1"},"4dd00c473c0f2":{"title":"Slide 2","content":"<img src=\\"images\\/yootheme\\/widgetkit\\/slideshow\\/showcase2\\/image2.jpg\\" width=\\"600\\" height=\\"300\\" alt=\\"Image 02\\" \\/>","caption":"","navigation":"<img src=\\"images\\/yootheme\\/widgetkit\\/slideshow\\/showcase1\\/image2_thumb.png\\" width=\\"35\\" height=\\"35\\" alt=\\"Image 02\\" \\/> Item 2"},"4dd00c4eb7982":{"title":"Slide 3","content":"<img src=\\"images\\/yootheme\\/widgetkit\\/slideshow\\/showcase2\\/image3.jpg\\" width=\\"600\\" height=\\"300\\" alt=\\"Image 03\\" \\/>","caption":"","navigation":"<img src=\\"images\\/yootheme\\/widgetkit\\/slideshow\\/showcase1\\/image3_thumb.png\\" width=\\"35\\" height=\\"35\\" alt=\\"Image 03\\" \\/> Item 3"},"4de3f1aa49f9a":{"title":"Slide 4","content":"<img src=\\"images\\/yootheme\\/widgetkit\\/slideshow\\/showcase2\\/image4.jpg\\" width=\\"600\\" height=\\"300\\" alt=\\"Image 04\\" \\/>","caption":"","navigation":"<img src=\\"images\\/yootheme\\/widgetkit\\/slideshow\\/showcase1\\/image4_thumb.png\\" width=\\"35\\" height=\\"35\\" alt=\\"Image 04\\" \\/> Item 4"}}}', '2011-09-12 15:52:19', '2012-07-12 12:26:22'),
(43, 'slideset', 'default', 'Demo Deck', '{"type":"slideset","id":43,"name":"Demo Deck","settings":{"style":"default","width":"auto","height":"auto","effect":"deck","index":0,"autoplay":1,"interval":11000,"items_per_set":4,"navigation":0,"buttons":1,"title":0,"duration":300},"style":"default","items":{"4e30070bb3f2c":{"title":"Radio","content":"<a href=\\"#\\"><img src=\\"images\\/yootheme\\/widgetkit\\/slideset\\/image1.png\\" width=\\"115\\" height=\\"115\\" alt=\\"Icon 01\\" \\/><\\/a>","group":"","set":"Set 1"},"4e30071628817":{"title":"Camera","content":"<a href=\\"#\\"><img src=\\"images\\/yootheme\\/widgetkit\\/slideset\\/image2.png\\" width=\\"115\\" height=\\"115\\" alt=\\"Icon 02\\" \\/><\\/a>","group":"","set":"Set 1"},"4e30071b515e1":{"title":"Calendar","content":"<a href=\\"#\\"><img src=\\"images\\/yootheme\\/widgetkit\\/slideset\\/image3.png\\" width=\\"115\\" height=\\"115\\" alt=\\"Icon 03\\" \\/><\\/a>","group":"","set":"Set 1"},"4e300720a131e":{"title":"Volume","content":"<a href=\\"#\\"><img src=\\"images\\/yootheme\\/widgetkit\\/slideset\\/image4.png\\" width=\\"115\\" height=\\"115\\" alt=\\"Icon 04\\" \\/><\\/a>","group":"","set":"Set 1"},"4e300725404e2":{"title":"Chat","content":"<a href=\\"#\\"><img src=\\"images\\/yootheme\\/widgetkit\\/slideset\\/image5.png\\" width=\\"115\\" height=\\"115\\" alt=\\"Icon 05\\" \\/><\\/a>","group":"","set":"Set 2"},"4e301094b3b19":{"title":"Tunes","content":"<a href=\\"#\\"><img src=\\"images\\/yootheme\\/widgetkit\\/slideset\\/image6.png\\" width=\\"115\\" height=\\"115\\" alt=\\"Icon 06\\" \\/><\\/a>","set":"Set 2"},"4e301099469eb":{"title":"E-Mail","content":"<a href=\\"#\\"><img src=\\"images\\/yootheme\\/widgetkit\\/slideset\\/image7.png\\" width=\\"115\\" height=\\"115\\" alt=\\"Icon 07\\" \\/><\\/a>","set":"Set 2"},"4e30109dc7253":{"title":"Google+","content":"<a href=\\"#\\"><img src=\\"images\\/yootheme\\/widgetkit\\/slideset\\/image8.png\\" width=\\"115\\" height=\\"115\\" alt=\\"Icon 08\\" \\/><\\/a>","set":"Set 2"},"4e30109faa62d":{"title":"Player","content":"<a href=\\"#\\"><img src=\\"images\\/yootheme\\/widgetkit\\/slideset\\/image9.png\\" width=\\"115\\" height=\\"115\\" alt=\\"Icon 09\\" \\/><\\/a>","set":"Set 3"},"4e3010a16c585":{"title":"Like","content":"<a href=\\"#\\"><img src=\\"images\\/yootheme\\/widgetkit\\/slideset\\/image10.png\\" width=\\"115\\" height=\\"115\\" alt=\\"Icon 10\\" \\/><\\/a>","set":"Set 3"},"4e329ee00dfeb":{"title":"Twitter","set":"Set 3","content":"<a href=\\"#\\"><img src=\\"images\\/yootheme\\/widgetkit\\/slideset\\/image11.png\\" width=\\"115\\" height=\\"115\\" alt=\\"Icon 12\\" \\/><\\/a>"},"4e329ee198f40":{"title":"Weather","set":"Set 3","content":"<a href=\\"#\\"><img src=\\"images\\/yootheme\\/widgetkit\\/slideset\\/image12.png\\" width=\\"115\\" height=\\"115\\" alt=\\"Icon 12\\" \\/><\\/a>"}}}', '2011-09-12 18:34:35', '2012-02-02 10:38:45'),
(44, 'gallery', 'slideset', 'Demo Slideset', '{"type":"gallery","id":44,"name":"Demo Slideset","settings":{"style":"slideset","width":"auto","height":"auto","effect":"slide","autoplay":1,"interval":5000,"items_per_set":4,"navigation":1,"buttons":1,"title":1,"duration":500,"lightbox":0},"style":"slideset","paths":["\\/yootheme\\/widgetkit\\/slideset"],"captions":{"\\/yootheme\\/widgetkit\\/slideset\\/image1.png":"","\\/yootheme\\/widgetkit\\/slideset\\/image10.png":"","\\/yootheme\\/widgetkit\\/slideset\\/image11.png":"","\\/yootheme\\/widgetkit\\/slideset\\/image12.png":"","\\/yootheme\\/widgetkit\\/slideset\\/image2.png":"","\\/yootheme\\/widgetkit\\/slideset\\/image3.png":"","\\/yootheme\\/widgetkit\\/slideset\\/image4.png":"","\\/yootheme\\/widgetkit\\/slideset\\/image5.png":"","\\/yootheme\\/widgetkit\\/slideset\\/image6.png":"","\\/yootheme\\/widgetkit\\/slideset\\/image7.png":"","\\/yootheme\\/widgetkit\\/slideset\\/image8.png":"","\\/yootheme\\/widgetkit\\/slideset\\/image9.png":""},"links":{"\\/yootheme\\/widgetkit\\/slideset\\/image1.png":"","\\/yootheme\\/widgetkit\\/slideset\\/image10.png":"","\\/yootheme\\/widgetkit\\/slideset\\/image11.png":"","\\/yootheme\\/widgetkit\\/slideset\\/image12.png":"","\\/yootheme\\/widgetkit\\/slideset\\/image2.png":"","\\/yootheme\\/widgetkit\\/slideset\\/image3.png":"","\\/yootheme\\/widgetkit\\/slideset\\/image4.png":"","\\/yootheme\\/widgetkit\\/slideset\\/image5.png":"","\\/yootheme\\/widgetkit\\/slideset\\/image6.png":"","\\/yootheme\\/widgetkit\\/slideset\\/image7.png":"","\\/yootheme\\/widgetkit\\/slideset\\/image8.png":"","\\/yootheme\\/widgetkit\\/slideset\\/image9.png":""}}', '2012-01-04 12:20:06', '2012-01-06 11:25:05'),
(45, 'slideshow', 'screen', 'Demo Screen', '{"type":"slideshow","id":45,"name":"Demo Screen","settings":{"style":"screen","autoplay":1,"interval":10000,"width":600,"height":300,"duration":1000,"index":0,"order":"default","navigation":1,"buttons":1,"slices":15,"animated":"kenburns","caption_animation_duration":500},"style":"screen","items":{"4dd00c3ee01f3":{"title":"Slide 1","content":"<a href=\\"#\\"><img src=\\"images\\/yootheme\\/widgetkit\\/slideshow\\/screen\\/image1.jpg\\" width=\\"600\\" height=\\"300\\" alt=\\"Image 01\\" \\/><\\/a>","caption":""},"4dd00c473c0f2":{"title":"Slide 2","content":"<a href=\\"#\\"><img src=\\"images\\/yootheme\\/widgetkit\\/slideshow\\/screen\\/image2.jpg\\" width=\\"600\\" height=\\"300\\" alt=\\"Image 02\\" \\/><\\/a>","caption":"This is a HTML caption with a <a href=\\"#\\">link<\\/a>."},"4dd00c4eb7982":{"title":"Slide 3","content":"<a href=\\"#\\"><img src=\\"images\\/yootheme\\/widgetkit\\/slideshow\\/screen\\/image3.jpg\\" width=\\"600\\" height=\\"300\\" alt=\\"Image 03\\" \\/><\\/a>","caption":"This is another HTML caption with a <a href=\\"#\\">link<\\/a>."},"4de3f1aa49f9a":{"title":"Slide 4","content":"<a href=\\"#\\"><img src=\\"images\\/yootheme\\/widgetkit\\/slideshow\\/screen\\/image4.jpg\\" width=\\"600\\" height=\\"300\\" alt=\\"Image 04\\" \\/><\\/a>","caption":""},"4f27c34aee78f":{"title":"Slide 5","content":"<a href=\\"#\\"><img src=\\"images\\/yootheme\\/widgetkit\\/slideshow\\/screen\\/image5.jpg\\" width=\\"600\\" height=\\"300\\" alt=\\"Image 05\\" \\/><\\/a>","caption":""}}}', '2012-01-30 16:15:12', '2012-05-31 14:33:30'),
(48, 'gallery', 'screen', 'Demo Slideshow Screen', '{"type":"gallery","id":48,"name":"Demo Slideshow Screen","settings":{"style":"screen","width":600,"height":"auto","autoplay":0,"order":"default","interval":5000,"duration":500,"index":0,"navigation":1,"buttons":1,"slices":20,"animated":"swipe","caption_animation_duration":500,"lightbox":0},"style":"screen","paths":["\\/yootheme\\/widgetkit\\/slideshow\\/screen"],"captions":{"\\/yootheme\\/widgetkit\\/slideshow\\/screen\\/image1.jpg":"","\\/yootheme\\/widgetkit\\/slideshow\\/screen\\/image2.jpg":"","\\/yootheme\\/widgetkit\\/slideshow\\/screen\\/image3.jpg":"","\\/yootheme\\/widgetkit\\/slideshow\\/screen\\/image4.jpg":"","\\/yootheme\\/widgetkit\\/slideshow\\/screen\\/image5.jpg":""},"links":{"\\/yootheme\\/widgetkit\\/slideshow\\/screen\\/image1.jpg":"","\\/yootheme\\/widgetkit\\/slideshow\\/screen\\/image2.jpg":"","\\/yootheme\\/widgetkit\\/slideshow\\/screen\\/image3.jpg":"","\\/yootheme\\/widgetkit\\/slideshow\\/screen\\/image4.jpg":"","\\/yootheme\\/widgetkit\\/slideshow\\/screen\\/image5.jpg":""}}', '2012-02-01 13:57:51', '2012-06-26 16:19:28'),
(49, 'slideset', 'default', 'Demo Drops', '{"type":"slideset","id":49,"name":"Demo Drops","settings":{"style":"default","width":"auto","height":"auto","effect":"drops","index":0,"autoplay":1,"interval":9000,"items_per_set":4,"navigation":1,"buttons":0,"title":1,"duration":200},"style":"default","items":{"4e30070bb3f2c":{"title":"Album 1","content":"<a href=\\"#\\"><img src=\\"images\\/yootheme\\/widgetkit\\/slideset\\/music\\/music1.png\\" width=\\"115\\" height=\\"115\\" alt=\\"Icon 01\\" \\/><\\/a>","group":"","set":"Set 1"},"4e30071628817":{"title":"Album 2","content":"<a href=\\"#\\"><img src=\\"images\\/yootheme\\/widgetkit\\/slideset\\/music\\/music2.png\\" width=\\"115\\" height=\\"115\\" alt=\\"Icon 02\\" \\/><\\/a>","group":"","set":"Set 1"},"4e30071b515e1":{"title":"Album 3","content":"<a href=\\"#\\"><img src=\\"images\\/yootheme\\/widgetkit\\/slideset\\/music\\/music3.png\\" width=\\"115\\" height=\\"115\\" alt=\\"Icon 03\\" \\/><\\/a>","group":"","set":"Set 1"},"4e300720a131e":{"title":"Album 4","content":"<a href=\\"#\\"><img src=\\"images\\/yootheme\\/widgetkit\\/slideset\\/music\\/music4.png\\" width=\\"115\\" height=\\"115\\" alt=\\"Icon 04\\" \\/><\\/a>","group":"","set":"Set 1"},"4e300725404e2":{"title":"Album 5","content":"<a href=\\"#\\"><img src=\\"images\\/yootheme\\/widgetkit\\/slideset\\/music\\/music5.png\\" width=\\"115\\" height=\\"115\\" alt=\\"Icon 05\\" \\/><\\/a>","group":"","set":"Set 2"},"4e301094b3b19":{"title":"Album 6","content":"<a href=\\"#\\"><img src=\\"images\\/yootheme\\/widgetkit\\/slideset\\/music\\/music6.png\\" width=\\"115\\" height=\\"115\\" alt=\\"Icon 06\\" \\/><\\/a>","set":"Set 2"},"4e301099469eb":{"title":"Album 7","content":"<a href=\\"#\\"><img src=\\"images\\/yootheme\\/widgetkit\\/slideset\\/music\\/music7.png\\" width=\\"115\\" height=\\"115\\" alt=\\"Icon 07\\" \\/><\\/a>","set":"Set 2"},"4e30109dc7253":{"title":"Album 8","content":"<a href=\\"#\\"><img src=\\"images\\/yootheme\\/widgetkit\\/slideset\\/music\\/music8.png\\" width=\\"115\\" height=\\"115\\" alt=\\"Icon 08\\" \\/><\\/a>","set":"Set 2"},"4e30109faa62d":{"title":"Album 9","content":"<a href=\\"#\\"><img src=\\"images\\/yootheme\\/widgetkit\\/slideset\\/music\\/music9.png\\" width=\\"115\\" height=\\"115\\" alt=\\"Icon 09\\" \\/><\\/a>","set":"Set 3"},"4e3010a16c585":{"title":"Album 10","content":"<a href=\\"#\\"><img src=\\"images\\/yootheme\\/widgetkit\\/slideset\\/music\\/music10.png\\" width=\\"115\\" height=\\"115\\" alt=\\"Icon 10\\" \\/><\\/a>","set":"Set 3"},"4e329ee00dfeb":{"title":"Album 11","set":"Set 3","content":"<a href=\\"#\\"><img src=\\"images\\/yootheme\\/widgetkit\\/slideset\\/music\\/music11.png\\" width=\\"115\\" height=\\"115\\" alt=\\"Icon 12\\" \\/><\\/a>"},"4e329ee198f40":{"title":"Album 12","set":"Set 3","content":"<a href=\\"#\\"><img src=\\"images\\/yootheme\\/widgetkit\\/slideset\\/music\\/music12.png\\" width=\\"115\\" height=\\"115\\" alt=\\"Icon 12\\" \\/><\\/a>"}}}', '2012-02-02 10:32:01', '2012-02-02 10:57:03'),
(50, 'slideshow', 'default', 'Demo Lightbox', '{"type":"slideshow","id":50,"name":"Demo Lightbox","settings":{"style":"default","autoplay":1,"interval":5000,"width":600,"height":300,"duration":500,"index":0,"order":"default","navigation":0,"buttons":1,"slices":15,"animated":"randomFx","caption_animation_duration":500},"style":"default","items":{"4dd00c3ee01f3":{"title":"Slide 1","content":"<a href=\\"#\\"><img src=\\"images\\/yootheme\\/widgetkit\\/slideshow\\/image1.jpg\\" width=\\"600\\" height=\\"300\\" alt=\\"Image 01\\" \\/><\\/a>","caption":""},"4dd00c473c0f2":{"title":"Slide 2","content":"<a href=\\"#\\"><img src=\\"images\\/yootheme\\/widgetkit\\/slideshow\\/image2.jpg\\" width=\\"600\\" height=\\"300\\" alt=\\"Image 02\\" \\/><\\/a>","caption":"This is a HTML caption with a <a href=\\"#\\">link<\\/a>."},"4dd00c4eb7982":{"title":"Slide 3","content":"<a href=\\"#\\"><img src=\\"images\\/yootheme\\/widgetkit\\/slideshow\\/image3.jpg\\" width=\\"600\\" height=\\"300\\" alt=\\"Image 03\\" \\/><\\/a>","caption":"This is another HTML caption with a <a href=\\"#\\">link<\\/a>."},"4de3f1aa49f9a":{"title":"Slide 4","content":"<a href=\\"#\\"><img src=\\"images\\/yootheme\\/widgetkit\\/slideshow\\/image4.jpg\\" width=\\"600\\" height=\\"300\\" alt=\\"Image 04\\" \\/><\\/a>","caption":""},"4de3f1ab9f6c9":{"title":"Slide 5","content":"<a href=\\"#\\"><img src=\\"images\\/yootheme\\/widgetkit\\/slideshow\\/image5.jpg\\" width=\\"600\\" height=\\"300\\" alt=\\"Image 05\\" \\/><\\/a>","caption":""}}}', '2012-02-02 12:42:27', '2012-02-02 12:43:08');
INSERT INTO `pjyu3_widgetkit_widget` (`id`, `type`, `style`, `name`, `content`, `created`, `modified`) VALUES
(54, 'gallery', 'inside', 'Demo Inside', '{"type":"gallery","id":54,"name":"Demo Inside","settings":{"style":"inside","width":600,"height":"auto","thumb_width":80,"thumb_height":60,"autoplay":0,"order":"default","interval":5000,"duration":500,"index":0,"navigation":1,"buttons":1,"slices":15,"animated":"scale","caption_animation_duration":500,"lightbox":0},"style":"inside","paths":["\\/yootheme\\/widgetkit\\/gallery\\/inside"],"captions":{"\\/yootheme\\/widgetkit\\/gallery\\/inside\\/image01.jpg":"","\\/yootheme\\/widgetkit\\/gallery\\/inside\\/image02.jpg":"","\\/yootheme\\/widgetkit\\/gallery\\/inside\\/image03.jpg":"","\\/yootheme\\/widgetkit\\/gallery\\/inside\\/image04.jpg":"","\\/yootheme\\/widgetkit\\/gallery\\/inside\\/image05.jpg":""},"links":{"\\/yootheme\\/widgetkit\\/gallery\\/inside\\/image01.jpg":"","\\/yootheme\\/widgetkit\\/gallery\\/inside\\/image02.jpg":"","\\/yootheme\\/widgetkit\\/gallery\\/inside\\/image03.jpg":"","\\/yootheme\\/widgetkit\\/gallery\\/inside\\/image04.jpg":"","\\/yootheme\\/widgetkit\\/gallery\\/inside\\/image05.jpg":""}}', '2012-07-09 13:56:39', '2012-07-09 17:09:50'),
(55, 'slideshow', 'showroom', 'Frontpage Slideshow', '{"type":"slideshow","id":55,"name":"Frontpage Slideshow","settings":{"style":"showroom","autoplay":1,"interval":1500,"width":"auto","height":"auto","duration":500,"index":0,"order":"default","navigation":1,"buttons":1,"slices":20,"animated":"fade","caption_animation_duration":500},"style":"showroom","items":{"504080808f2ac":{"title":"Slide 01","content":"<img src=\\"images\\/yootheme\\/demo\\/slideshow\\/1.jpg\\" width=\\"735\\" height=\\"490\\" alt=\\"1\\" \\/>","caption":""},"504083de1ed7a":{"title":"Slide 02","content":"<img src=\\"images\\/yootheme\\/demo\\/slideshow\\/2.jpg\\" width=\\"735\\" height=\\"490\\" alt=\\"2\\" \\/>","caption":""},"504083e74cd21":{"title":"Slide 03","content":"<img src=\\"images\\/yootheme\\/demo\\/slideshow\\/3.jpg\\" width=\\"735\\" height=\\"490\\" alt=\\"3\\" \\/>","caption":""}}}', '2012-08-31 09:14:56', '2013-03-16 13:45:31');

/*!40101 SET CHARACTER_SET_CLIENT=@OLD_CHARACTER_SET_CLIENT */;
/*!40101 SET CHARACTER_SET_RESULTS=@OLD_CHARACTER_SET_RESULTS */;
/*!40101 SET COLLATION_CONNECTION=@OLD_COLLATION_CONNECTION */;
